"chrom","start.pos","end.pos","n.probes","GSM2403733_9007225086_R04C01","GSM2403739_9007225086_R05C02","GSM2403989_9305651089_R01C02","GSM2403990_9305651089_R03C02","GSM2403991_9305651089_R04C02","GSM2403992_9305651089_R05C02","GSM2403993_9305651089_R06C02","GSM2403994_9305651095_R01C01","GSM2403995_9305651095_R02C01","GSM2404003_9305651146_R05C01","GSM2404005_9305651146_R01C02","GSM2404006_9305651146_R02C02","GSM2404007_9305651146_R03C02","GSM2404008_9305651146_R05C02","GSM2404110_9379082039_R05C01","GSM2404141_9406922158_R01C02","GSM2404272_9422491130_R01C01","GSM2404273_9422491130_R02C01","GSM2404284_9422491130_R01C02","GSM2940920_200400320088_R06C01"
"1",1,521369,249150001,1593,-0.059,-0.071,-0.058,-0.061,-0.03,-0.054,-0.071,-0.063,-0.092,-0.006,-0.03,-0.069,-0.08,-0.023,-0.031,-0.057,-0.092,-0.093,-0.089,-0.017
"2",2,10001,242950001,1282,-0.064,-0.067,-0.052,-0.056,-0.038,-0.051,-0.059,-0.053,-0.071,-0.047,-0.037,-0.045,-0.054,-0.037,-0.046,-0.053,-0.093,-0.08,-0.075,-0.072
"3",3,60001,197700001,978,-0.076,-0.082,-0.041,-0.052,-0.039,-0.05,-0.072,-0.055,-0.072,-0.056,-0.029,-0.017,-0.034,-0.029,-0.051,-0.074,-0.119,-0.09,-0.101,-0.071
"4",4,10001,190900001,742,-0.067,-0.082,-0.073,-0.084,-0.067,-0.067,-0.087,-0.075,-0.103,-0.006,-0.066,-0.063,-0.062,-0.06,-0.081,-0.08,-0.117,-0.114,-0.092,-0.12
"5",5,10001,180650001,849,-0.063,-0.075,-0.041,-0.054,-0.031,-0.045,-0.068,-0.056,-0.079,-0.041,-0.027,-0.029,-0.043,-0.027,-0.038,-0.054,-0.111,-0.09,-0.086,-0.068
"6",6,60001,170850001,988,-0.058,-0.064,-0.042,-0.05,-0.031,-0.046,-0.059,-0.051,-0.064,-0.045,-0.033,-0.017,-0.038,-0.037,-0.042,-0.049,-0.094,-0.067,-0.075,-0.074
"7",7,10001,158950001,952,-0.027,-0.039,0.005,-0.005,0.006,-0.009,-0.02,-0.009,-0.023,-0.007,0.014,0.013,0.006,0.008,0.005,0.006,-0.054,-0.031,-0.029,-0.038
"8",8,10001,146250001,726,-0.054,-0.07,-0.051,-0.056,-0.034,-0.046,-0.06,-0.053,-0.075,-0.044,-0.034,-0.048,-0.051,-0.031,-0.039,-0.035,-0.086,-0.076,-0.064,-0.065
"9",9,10001,141000001,383,-0.036,-0.052,-0.03,-0.019,-0.016,-0.03,-0.051,-0.029,-0.06,0.011,-0.011,-0.044,-0.042,0.004,-0.012,-0.027,-0.058,-0.059,-0.055,-0.023
"10",10,60001,135400001,840,-0.029,-0.039,-0.017,-0.022,-0.007,-0.016,-0.033,-0.023,-0.04,-0.013,-0.005,-0.02,-0.025,-0.006,-0.005,-0.02,-0.059,-0.045,-0.04,-0.034
"11",11,60001,134800001,914,-0.055,-0.06,-0.031,-0.039,-0.023,-0.036,-0.057,-0.038,-0.062,-0.017,-0.01,-0.027,-0.04,-0.014,-0.026,-0.048,-0.1,-0.074,-0.074,-0.043
"12",12,145740,133700001,848,-0.061,-0.066,-0.041,-0.048,-0.027,-0.038,-0.054,-0.049,-0.07,-0.029,-0.026,-0.034,-0.049,-0.022,-0.035,-0.058,-0.083,-0.073,-0.079,-0.046
"13",13,19020001,115050001,431,-0.035,-0.028,0.008,-0.008,-0.005,-0.006,0.002,-0.003,-0.007,-0.052,-0.001,0.043,0.031,-0.017,-0.011,0.006,-0.057,-0.025,-0.034,-0.094
"14",14,19000001,106950001,528,-0.066,-0.077,-0.067,-0.071,-0.035,-0.058,-0.076,-0.07,-0.104,-0.02,-0.037,-0.086,-0.086,-0.031,-0.039,-0.063,-0.096,-0.104,-0.092,-0.036
"15",15,20000001,102300001,571,-0.04,-0.056,-0.043,-0.05,-0.021,-0.037,-0.051,-0.048,-0.046,-0.004,-0.025,-0.066,-0.068,-0.024,-0.021,-0.043,-0.066,-0.079,-0.069,-0.021
"16",16,60001,90150001,624,-0.002,0.001,0.012,0.011,0.01,0.009,0.004,0.007,0.002,0.016,0.015,-0.005,-0.005,0.009,0.013,0.008,-0.003,0.004,0.002,0.003
"17",17,1,81050001,814,-0.076,-0.066,-0.106,-0.093,-0.08,-0.082,-0.08,-0.094,-0.113,-0.049,-0.082,-0.147,-0.138,-0.079,-0.079,-0.094,-0.064,-0.094,-0.083,-0.056
"18",18,10001,77950001,243,-0.074,-0.075,-0.129,-0.126,-0.111,-0.093,-0.093,-0.102,-0.142,-0.095,-0.114,-0.156,-0.125,-0.087,-0.113,-0.121,-0.078,-0.126,-0.101,-0.104
"19",19,60001,59050001,711,-0.057,-0.043,-0.078,-0.07,-0.051,-0.06,-0.055,-0.065,-0.086,-0.018,-0.052,-0.116,-0.119,-0.052,-0.051,-0.044,-0.041,-0.074,-0.061,-0.029
"20",20,60001,62850001,359,-0.081,-0.057,-0.094,-0.09,-0.07,-0.079,-0.078,-0.084,-0.105,-0.04,-0.069,-0.122,-0.116,-0.065,-0.068,-0.087,-0.08,-0.106,-0.096,-0.05
"21",21,10697897,48050001,157,-0.013,-0.004,-0.009,-0.006,-0.004,-0.005,-0.004,-0.005,-0.023,-0.006,-0.008,-0.03,-0.004,0.003,-0.008,-0.011,-0.011,-0.019,-0.004,-0.009
"22",22,16050001,51200001,300,-0.031,-0.026,-0.076,-0.055,-0.032,-0.054,-0.039,-0.064,-0.074,0.024,-0.046,-0.135,-0.121,-0.021,-0.038,-0.045,-0.016,-0.058,-0.048,0.031
