"chrom","start.pos","end.pos","n.probes","GSM2402925_6929689136_R05C02","GSM2403506_8622007067_R04C01","GSM2403630_8622007189_R02C02","GSM2403631_8622007189_R05C02","GSM2403642_8942351007_R05C01","GSM2403643_8942351007_R06C01","GSM2403722_9007225064_R06C01","GSM2404302_9407201030_R01C02","GSM2404303_9407201030_R02C02","GSM2404304_9407201030_R04C02","GSM2404305_9407201030_R05C02","GSM2404557_9553932113_R04C02","GSM2404558_9553932113_R05C02","GSM2404559_9553932113_R06C02","GSM2404560_9553932123_R01C01","GSM2404587_9611519030_R01C01","GSM2404619_9741950021_R03C02","GSM2404734_9741950101_R01C02","GSM2404772_9829119124_R03C01","GSM2404883_9968646099_R02C01","GSM2404903_9968646158_R01C01","GSM2941476_9534104008_R02C01"
"1",1,521369,249150001,1593,0.007,-0.054,-0.038,-0.057,-0.067,-0.069,-0.054,-0.046,-0.078,-0.014,-0.054,-0.019,-0.013,-0.04,-0.03,0.012,-0.034,-0.115,-0.09,-0.088,-0.033,0.013
"2",2,10001,242950001,1282,-0.025,-0.055,-0.046,-0.061,-0.056,-0.055,-0.051,-0.048,-0.028,-0.007,-0.076,-0.041,-0.025,-0.045,-0.02,-0.028,-0.055,-0.093,-0.073,-0.078,-0.054,-0.015
"3",3,60001,197700001,978,0.002,-0.076,-0.052,-0.081,-0.054,-0.038,-0.062,-0.065,-0.018,-0.011,-0.114,-0.062,-0.035,-0.066,-0.016,-0.023,-0.078,-0.101,-0.079,-0.087,-0.074,-0.008
"4",4,10001,190900001,742,-0.06,-0.082,-0.076,-0.082,-0.081,-0.085,-0.081,-0.079,-0.036,-0.014,-0.114,-0.087,-0.066,-0.082,-0.038,-0.08,-0.113,-0.125,-0.115,-0.112,-0.122,-0.063
"5",5,10001,180650001,849,0.002,-0.061,-0.045,-0.069,-0.046,-0.04,-0.052,-0.055,-0.017,0.006,-0.105,-0.051,-0.03,-0.051,-0.013,-0.019,-0.065,-0.086,-0.065,-0.061,-0.072,-0.012
"6",6,60001,170850001,988,-0.021,-0.061,-0.045,-0.07,-0.043,-0.036,-0.047,-0.051,-0.012,-0.012,-0.1,-0.056,-0.039,-0.056,-0.018,-0.039,-0.115,-0.085,-0.054,-0.055,-0.061,-0.003
"7",7,10001,158950001,952,0.022,-0.014,-0.005,-0.02,0.009,0.012,0,-0.012,0.025,0.035,-0.08,-0.01,0.004,-0.011,0.02,0.006,-0.025,-0.027,0.017,-0.016,-0.029,0.014
"8",8,10001,146250001,726,-0.024,-0.053,-0.05,-0.061,-0.054,-0.062,-0.049,-0.045,-0.021,0.004,-0.085,-0.036,-0.022,-0.042,-0.017,-0.027,-0.061,-0.096,-0.058,-0.065,-0.058,-0.015
"9",9,10001,141000001,383,0.016,-0.035,-0.018,-0.033,-0.043,-0.039,-0.037,-0.033,-0.054,-0.006,-0.021,-0.002,0.002,-0.014,-0.024,0.006,-0.03,-0.078,-0.057,-0.048,-0.025,-0.002
"10",10,60001,135400001,840,0.004,-0.021,-0.018,-0.031,-0.014,-0.014,-0.018,-0.019,-0.003,0.02,-0.063,-0.016,-0.007,-0.02,0.002,-0.002,-0.029,-0.05,-0.032,-0.028,-0.03,0.001
"11",11,60001,134800001,914,0.026,-0.049,-0.034,-0.06,-0.035,-0.033,-0.041,-0.047,-0.032,-0.008,-0.094,-0.035,-0.02,-0.05,-0.018,-0.002,-0.048,-0.082,-0.043,-0.061,-0.049,-0.005
"12",12,145740,133700001,848,-0.002,-0.053,-0.035,-0.056,-0.05,-0.042,-0.047,-0.047,-0.038,-0.014,-0.076,-0.035,-0.025,-0.048,-0.02,-0.015,-0.015,-0.09,-0.068,-0.055,-0.053,-0.001
"13",13,19020001,115050001,431,-0.005,-0.051,-0.013,-0.036,0.019,0.033,-0.009,-0.026,0.056,0.026,-0.102,-0.04,-0.023,-0.035,0.023,-0.031,-0.046,-0.035,0.007,-0.028,-0.044,0.007
"14",14,19000001,106950001,528,-0.013,-0.052,-0.039,-0.057,-0.073,-0.076,-0.054,-0.043,-0.079,-0.007,-0.049,-0.021,-0.013,-0.047,-0.032,0,-0.04,-0.124,-0.11,-0.073,-0.046,-0.002
"15",15,20000001,102300001,571,-0.011,-0.036,-0.026,-0.037,-0.049,-0.061,-0.037,-0.031,-0.062,0.001,-0.046,-0.014,-0.014,-0.035,-0.024,0.005,-0.027,-0.099,-0.085,-0.053,-0.029,0.003
"16",16,60001,90150001,624,0.022,0.012,0.01,0.006,0.009,0.004,0.007,0.013,-0.012,0.01,-0.015,0.015,0.013,0.01,0.004,0.016,0.003,0.005,0.013,0.006,0.007,0.007
"17",17,1,81050001,814,-0.082,-0.063,-0.069,-0.055,-0.119,-0.129,-0.088,-0.055,-0.159,-0.08,-0.014,-0.038,-0.047,-0.057,-0.082,-0.056,-0.062,-0.126,-0.169,-0.088,-0.054,-0.063
"18",18,10001,77950001,243,-0.145,-0.092,-0.097,-0.069,-0.14,-0.155,-0.105,-0.085,-0.099,-0.052,-0.028,-0.075,-0.067,-0.094,-0.081,-0.103,-0.11,-0.161,-0.231,-0.148,-0.113,-0.102
"19",19,60001,59050001,711,-0.056,-0.042,-0.029,-0.022,-0.073,-0.091,-0.046,-0.028,-0.157,-0.065,-0.008,-0.005,-0.028,-0.041,-0.07,-0.031,-0.029,-0.096,-0.129,-0.06,-0.034,-0.037
"20",20,60001,62850001,359,-0.039,-0.065,-0.056,-0.057,-0.095,-0.105,-0.063,-0.054,-0.118,-0.052,-0.05,-0.033,-0.038,-0.063,-0.063,-0.024,-0.045,-0.123,-0.136,-0.08,-0.056,-0.032
"21",21,10697897,48050001,157,-0.005,-0.005,-0.013,-0.002,-0.03,-0.053,-0.026,-0.014,-0.027,0.003,-0.011,-0.002,0.001,-0.018,-0.003,-0.125,-0.022,-0.145,-0.062,-0.029,-0.013,-0.02
"22",22,16050001,51200001,300,-0.028,-0.017,-0.015,-0.008,-0.086,-0.101,-0.03,-0.01,-0.166,-0.032,0.05,0.02,0.011,-0.02,-0.044,0.019,0.012,-0.201,-0.134,-0.054,0,-0.012
