"chrom","start.pos","end.pos","n.probes","GSM2404306_9407201030_R06C02","GSM2404367_9407210090_R02C02","GSM2404733_9741950101_R05C01","GSM2405064_9969477104_R02C02","GSM2405602_3999078159_R05C01","GSM2405628_3998579150_R04C01","GSM2405631_3998579150_R01C01","GSM2405652_200091640059_R02C01"
"1",1,521369,249150001,1593,-0.002,-0.022,-0.017,-0.001,-0.022,0.015,0.004,0.003
"2",2,10001,242950001,1282,-0.045,-0.041,-0.032,-0.025,-0.092,-0.011,-0.055,-0.058
"3",3,60001,197700001,978,-0.064,-0.035,-0.063,-0.023,-0.131,-0.013,-0.071,-0.063
"4",4,10001,190900001,742,-0.082,-0.097,-0.087,-0.067,-0.167,-0.036,-0.12,-0.127
"5",5,10001,180650001,849,-0.046,-0.028,-0.039,-0.019,-0.101,-0.001,-0.053,-0.057
"6",6,60001,170850001,988,-0.064,-0.026,-0.057,-0.026,-0.114,-0.011,-0.086,-0.071
"7",7,10001,158950001,952,-0.003,0.014,-0.006,0.02,-0.058,0.007,-0.048,-0.024
"8",8,10001,146250001,726,-0.038,-0.035,-0.04,-0.023,-0.087,-0.009,-0.054,-0.05
"9",9,10001,141000001,383,0.006,-0.016,-0.004,-0.002,0.002,-0.003,0.003,0.011
"10",10,60001,135400001,840,-0.009,-0.006,-0.014,0.004,-0.04,0.002,-0.027,-0.015
"11",11,60001,134800001,914,-0.039,-0.029,-0.051,-0.004,-0.072,0.004,-0.029,-0.015
"12",12,145740,133700001,848,-0.063,-0.023,-0.049,-0.011,-0.067,-0.016,-0.053,-0.037
"13",13,19020001,115050001,431,-0.067,-0.001,-0.047,-0.01,-0.128,-0.013,-0.124,-0.085
"14",14,19000001,106950001,528,-0.01,-0.051,-0.031,-0.012,-0.049,-0.003,-0.009,-0.028
"15",15,20000001,102300001,571,-0.011,-0.027,-0.019,-0.003,-0.024,0.003,-0.004,-0.006
"16",16,60001,90150001,624,0.017,0.025,0.012,0.022,0.032,-0.014,0.009,0.037
"17",17,1,81050001,814,-0.035,-0.086,-0.047,-0.061,-0.014,-0.071,-0.042,-0.025
"18",18,10001,77950001,243,-0.06,-0.141,-0.074,-0.108,-0.094,-0.076,-0.077,-0.113
"19",19,60001,59050001,711,-0.006,-0.063,-0.03,-0.034,0.03,-0.087,-0.04,-0.006
"20",20,60001,62850001,359,-0.035,-0.067,-0.042,-0.044,-0.04,-0.037,-0.019,-0.027
"21",21,10697897,48050001,157,0.015,-0.017,0.002,-0.005,-0.012,0.005,-0.031,-0.01
"22",22,16050001,51200001,300,0.026,-0.047,-0.002,0.006,0.089,-0.001,0.041,0.054
