"chrom","start.pos","end.pos","n.probes","GSM2403921_9305651046_R04C02","GSM2403922_9305651050_R05C01","GSM2403925_9305651050_R02C01","GSM2403926_9305651046_R03C01","GSM2403929_9305651046_R05C01","GSM2404440_9420867051_R03C02","GSM2404762_9829119072_R05C02","GSM2405534_3998909063_R03C02","GSM2941194_3999078159_R06C02"
"1",1,521369,249150001,1593,-0.121,-0.337,-0.006,-0.124,-0.002,-0.14,-0.146,-0.087,-0.087
"2",2,10001,242950001,1282,-0.104,-0.021,-0.009,0.046,0.02,-0.014,0.038,-0.146,-0.128
"3",3,60001,197700001,978,-0.082,-0.01,-0.023,-0.136,0.019,-0.228,-0.21,-0.173,-0.177
"4",4,10001,190900001,742,0.25,0.293,-0.085,0.011,0.066,0.092,0.171,-0.007,0.191
"5",5,10001,180650001,849,0.307,0.198,0.157,0.208,0.012,0.119,0.198,0.048,0.194
"6",6,60001,170850001,988,-0.083,-0.006,-0.009,0.029,0.005,-0.04,0.023,-0.157,-0.154
"7",7,10001,158950001,952,0.222,0.261,0.199,0.071,0.071,0.106,0.076,0.063,-0.114
"8",8,10001,146250001,726,-0.102,0.199,-0.01,0.047,0.119,0.016,-0.162,0.187,0.093
"9",9,10001,141000001,383,-0.084,-0.333,0.007,0.065,0.13,-0.108,-0.165,0.171,0.081
"10",10,60001,135400001,840,-0.071,-0.269,-0.23,-0.127,-0.294,-0.132,-0.137,-0.455,-0.105
"11",11,60001,134800001,914,0.161,0.176,-0.009,0.075,0.032,0.105,0.168,0.161,0.04
"12",12,145740,133700001,848,-0.089,0.15,0.163,0.111,0.131,0,0.053,0.19,0.21
"13",13,19020001,115050001,431,0.017,0.262,0.039,0.046,0.075,-0.062,0.161,0.02,0.018
"14",14,19000001,106950001,528,-0.133,-0.328,-0.007,-0.137,-0.008,-0.135,-0.136,0.205,-0.089
"15",15,20000001,102300001,571,0.296,0.19,0.004,0.21,-0.001,0.05,0.086,0.182,-0.071
"16",16,60001,90150001,624,0.342,0.209,0.038,0.082,0.165,0.156,0.068,0.177,0.201
"17",17,1,81050001,814,0.045,0.057,-0.04,0.061,-0.073,0.039,0.005,0.039,-0.075
"18",18,10001,77950001,243,0.169,0.07,-0.079,-0.068,-0.095,0.125,0.009,0.085,0.087
"19",19,60001,59050001,711,-0.095,0.133,-0.005,0.031,-0.006,-0.089,0.045,0.15,0.102
"20",20,60001,62850001,359,0.266,0.097,-0.038,0.132,-0.026,-0.009,0.108,0.139,0.039
"21",21,10697897,48050001,157,0.299,0.013,0.168,-0.116,0.039,-0.085,0.073,0.15,-0.07
"22",22,16050001,51200001,300,-0.127,-0.058,0.01,-0.129,-0.01,-0.011,-0.098,0.102,0.004
