"chrom","start.pos","end.pos","n.probes","GSM2404345_9407210003_R02C02","GSM2404346_9407210003_R03C02","GSM2404347_9407210003_R04C02","GSM2404348_9407210003_R05C02","GSM2404349_9407210003_R06C02","GSM2404350_9407210069_R01C01","GSM2404351_9407210069_R02C01","GSM2404352_9407210069_R03C01","GSM2404353_9407210069_R04C01","GSM2404354_9407210069_R05C01","GSM2404355_9407210069_R06C01","GSM2404357_9407210069_R02C02","GSM2404358_9407210069_R03C02","GSM2404359_9407210069_R04C02","GSM2404423_9426021162_R03C01","GSM2404425_9426021162_R01C02","GSM2405545_3998909200_R06C01"
"1",1,521369,249150001,1593,0.021,0.034,0.004,-0.001,0.018,0.03,0.006,0.021,0.014,-0.004,0.016,0.015,-0.004,0.003,0.019,-0.002,0.029
"2",2,10001,242950001,1282,0.092,0.028,0.048,0.058,0.012,0.032,0.002,0.02,0.066,0.013,0.045,0.036,0.025,0.042,0.083,0.056,-0.015
"3",3,60001,197700001,978,0.186,0.042,0.095,0.141,0.051,0.07,0.03,0.047,0.149,0.062,0.087,0.095,0.054,0.099,0.179,0.118,-0.016
"4",4,10001,190900001,742,0.067,0.016,0.016,0.03,-0.022,-0.001,-0.033,0.001,0.048,-0.013,0.029,0.022,-0.002,0.032,0.097,0.029,-0.038
"5",5,10001,180650001,849,0.126,0.041,0.086,0.1,0.029,0.048,0.005,0.03,0.099,0.024,0.057,0.056,0.025,0.066,0.126,0.085,-0.003
"6",6,60001,170850001,988,0.138,0.016,0.083,0.112,0.032,0.042,0.019,0.034,0.122,0.035,0.061,0.053,0.035,0.075,0.139,0.086,-0.013
"7",7,10001,158950001,952,0.166,0.091,0.122,0.176,0.078,0.085,0.058,0.067,0.162,0.085,0.098,0.106,0.083,0.117,0.195,0.161,0.029
"8",8,10001,146250001,726,0.092,0.041,0.044,0.067,0.014,0.021,0.012,0.029,0.071,0.02,0.042,0.035,0.026,0.061,0.098,0.074,0.006
"9",9,10001,141000001,383,0.064,0.052,0.022,0.028,0.031,0.057,0.015,0.015,0.054,0.029,0.025,0.043,0.021,0.019,0.053,0.05,0.008
"10",10,60001,135400001,840,0.091,0.07,0.097,0.07,0.048,0.06,0.029,0.044,0.09,0.053,0.069,0.052,0.058,0.079,0.123,0.094,0.03
"11",11,60001,134800001,914,0.069,-0.284,0.054,0.057,0.03,-0.385,0.003,0.02,-0.065,0.017,0.033,0.008,0.011,0.033,-0.033,0.057,-0.016
"12",12,145740,133700001,848,0.073,0.043,0.06,0.071,0.04,0.05,0.02,0.028,0.092,0.035,0.041,0.05,0.028,0.059,0.1,0.068,0.015
"13",13,19020001,115050001,431,0.206,0.047,0.171,0.219,0.084,0.097,0.068,0.074,0.243,0.108,0.124,0.128,0.099,0.134,0.285,0.212,-0.025
"14",14,19000001,106950001,528,0.029,0.045,0.008,0.007,0.022,0.028,0.005,0.012,0.013,-0.012,0.012,0.016,-0.006,0.01,0.011,0.007,0.028
"15",15,20000001,102300001,571,0.036,0.051,0.026,-0.011,0.029,0.029,0.01,0.018,0.012,0.01,0.006,0.022,0.012,0.005,0.013,0.011,0.04
"16",16,60001,90150001,624,0.059,0.084,0.082,0.052,0.043,0.066,0.035,0.017,0.071,0.053,0.034,0.048,0.065,0.071,0.074,0.104,0.027
"17",17,1,81050001,814,-0.11,-0.009,-0.072,-0.133,-0.055,-0.031,-0.055,-0.067,-0.109,-0.06,-0.088,-0.065,-0.049,-0.084,-0.106,-0.089,-0.022
"18",18,10001,77950001,243,-0.069,-0.03,-0.063,-0.091,-0.089,-0.066,-0.081,-0.051,-0.099,-0.086,-0.054,-0.066,-0.062,-0.065,-0.039,-0.091,-0.039
"19",19,60001,59050001,711,-0.053,0.02,-0.041,-0.08,-0.003,0.021,-0.013,-0.036,-0.052,-0.017,-0.049,-0.024,-0.011,-0.048,-0.068,-0.035,0.009
"20",20,60001,62850001,359,-0.002,0.034,-0.003,-0.02,-0.012,0.024,-0.018,-0.02,-0.007,-0.025,-0.04,-0.015,-0.022,-0.033,-0.008,-0.011,-0.036
"21",21,10697897,48050001,157,0.045,0.085,0.065,0.042,0.031,0.043,0.011,0.012,0.052,0.036,0.022,0.033,0.045,0.046,0.079,0.074,0.02
"22",22,16050001,51200001,300,-0.078,0.046,-0.035,-0.114,0.009,0.014,-0.004,-0.007,-0.076,-0.011,-0.033,-0.018,-0.009,-0.047,-0.087,-0.071,0.053
