"chrom","start.pos","end.pos","n.probes","GSM2402908_6929689161_R01C02","GSM2403758_9283265153_R04C02","GSM2404552_9553932029_R06C01","GSM2405095_9969477124_R05C01","GSM2405186_9878820105_R06C01","GSM2405368_3999834062_R01C02","GSM2405369_3999834062_R04C02","GSM2405434_3999834118_R06C02","GSM2405637_3998568167_R01C02","GSM2940866_200362700065_R05C02","GSM2940908_200397540001_R05C01","GSM2941353_9376561022_R05C02"
"1",1,521369,249150001,1593,0,-0.031,-0.047,-0.038,0.009,-0.055,-0.063,-0.01,-0.006,0.011,-0.027,-0.007
"2",2,10001,242800001,1279,-0.036,-0.024,-0.047,-0.075,-0.043,-0.064,-0.041,-0.06,-0.041,-0.051,-0.05,-0.053
"3",2,242850001,242950001,3,-5.031,0.136,-0.238,0.102,0.053,0.17,0.162,-0.307,0.106,0.148,0.152,0.072
"4",3,60001,197700001,978,-0.024,0,-0.044,-0.126,-0.044,-0.077,-0.047,-0.078,-0.044,-0.06,-0.073,-0.046
"5",4,10001,190900001,742,-0.073,-0.059,-0.076,-0.117,-0.098,-0.112,-0.075,0.015,-0.084,-0.236,-0.087,-0.104
"6",5,10001,180650001,849,-0.023,-0.013,-0.051,-0.094,-0.038,-0.077,-0.052,-0.059,-0.038,-0.028,-0.055,-0.046
"7",6,60001,170850001,988,-0.028,-0.013,-0.036,-0.106,-0.055,-0.062,-0.033,-0.071,-0.043,-0.103,-0.057,-0.064
"8",7,10001,158950001,952,0.008,0.024,-0.022,-0.055,-0.009,-0.027,0.003,-0.034,0.004,-0.005,-0.012,-0.019
"9",8,10001,146250001,726,-0.038,-0.029,-0.059,-0.067,-0.041,-0.065,-0.045,-0.081,-0.033,-0.142,-0.044,-0.052
"10",9,10001,141000001,383,0.007,-0.025,-0.038,-0.009,0.018,-0.044,-0.072,0.002,-0.007,-0.06,-0.015,0.007
"11",10,60001,135400001,840,-0.008,-0.005,-0.036,-0.043,-0.003,-0.033,-0.017,-0.017,-0.006,-0.01,-0.015,-0.017
"12",11,60001,134800001,914,0,-0.018,-0.062,-0.081,-0.011,-0.057,-0.046,-0.035,-0.023,-0.01,-0.05,-0.026
"13",12,145740,133700001,848,-0.013,-0.016,-0.007,-0.068,-0.02,-0.062,-0.044,-0.043,-0.026,-0.084,-0.038,-0.033
"14",13,19020001,115050001,431,-0.034,0.043,-0.017,-0.105,-0.068,-0.018,0.028,-0.087,-0.04,-0.31,-0.042,-0.059
"15",14,19000001,106950001,528,-0.009,-0.036,-0.051,-0.033,-0.003,-0.066,-0.087,-0.023,-0.025,-0.017,-0.028,-0.011
"16",15,20000001,102300001,571,-0.006,-0.041,-0.047,-0.019,0.006,-0.053,-0.048,-0.004,-0.015,-0.016,-0.022,-0.005
"17",16,60001,90150001,624,0.017,-0.003,-0.023,0.006,0.037,0.007,-0.003,0.018,0.023,0.03,0.019,0.011
"18",17,1,81050001,814,-0.051,-0.115,-0.072,-0.017,-0.031,-0.064,-0.102,-0.029,-0.051,-0.003,-0.041,-0.059
"19",18,10001,77950001,243,-0.115,-0.122,-0.089,-0.049,-0.102,-0.119,-0.104,-0.083,-0.11,-0.135,-0.078,-0.089
"20",19,60001,59050001,711,-0.014,-0.091,-0.047,0.014,-0.006,-0.057,-0.069,-0.004,-0.025,-0.099,-0.012,-0.026
"21",20,60001,62850001,359,-0.03,-0.076,-0.062,-0.037,-0.022,-0.073,-0.066,-0.03,-0.049,-0.025,-0.047,-0.033
"22",21,10697897,48050001,157,-0.012,-0.022,-0.029,-0.001,-0.002,-0.017,-0.023,-0.009,-0.008,-0.008,0.004,-0.004
"23",22,16050001,51200001,300,0.009,-0.08,-0.029,0.066,0.044,-0.018,-0.074,0.049,0.014,0.05,0.022,0.022
