"chrom","start.pos","end.pos","n.probes","GSM2405606_3998523003_R01C01","GSM2405607_3998523003_R02C01","GSM2405608_3998523003_R03C01","GSM2405609_3998523003_R04C01","GSM2405610_3998523003_R05C01","GSM2405611_3998523003_R06C01","GSM2405612_3998523003_R01C02","GSM2405613_3998523003_R02C02","GSM2405614_3998523003_R03C02"
"1",1,521369,249150001,1593,0,0,-0.007,0.001,-0.004,-0.008,0,-0.006,-0.009
"2",2,10001,242950001,1282,0.011,-0.004,0.007,-0.018,-0.018,-0.005,-0.002,0.014,-0.006
"3",3,60001,197700001,978,0,-0.034,-0.004,-0.058,-0.057,-0.035,-0.03,-0.013,-0.033
"4",4,10001,190900001,742,-0.015,-0.021,-0.026,-0.03,-0.023,-0.006,-0.027,-0.012,-0.023
"5",5,10001,180650001,849,-0.004,-0.017,0.003,-0.025,-0.024,-0.016,-0.013,0.006,-0.009
"6",6,60001,170850001,988,0.018,-0.008,0.016,-0.029,-0.029,-0.019,-0.007,0.017,0.004
"7",7,10001,158950001,952,0.064,0.031,0.068,0.008,0.014,0.028,0.04,0.076,0.057
"8",8,10001,146250001,726,0.034,0.022,0.031,0.009,0.011,0.026,0.024,0.048,0.032
"9",9,10001,141000001,383,0.024,0.011,0.017,0.004,0.005,0.02,0.01,0.031,0.008
"10",10,60001,135400001,840,0.042,0.023,0.03,0.015,0.018,0.038,0.029,0.06,0.036
"11",11,60001,134800001,914,0.004,-0.022,0.007,-0.037,-0.036,-0.018,-0.018,0.007,-0.013
"12",12,145740,133700001,848,0.008,-0.005,0.005,-0.012,-0.013,-0.005,-0.001,0.008,-0.001
"13",13,19020001,115050001,431,0.076,0.022,0.075,-0.036,-0.024,0.012,0.024,0.078,0.056
"14",14,19000001,106950001,528,-0.007,-0.003,-0.013,0.008,0,0.003,0.007,-0.007,-0.004
"15",15,20000001,102300001,571,0.014,0.014,0.002,0.021,0.017,0.014,0.019,0.016,0.002
"16",16,60001,90150001,624,0.073,0.045,0.052,0.027,0.037,0.059,0.04,0.086,0.064
"17",17,1,81050001,814,-0.013,0.002,-0.04,0.001,0.004,0.006,-0.021,-0.026,-0.022
"18",18,10001,77950001,243,-0.026,-0.001,-0.054,0.002,-0.003,0.01,-0.026,-0.041,-0.045
"19",19,60001,59050001,711,0.015,0.023,-0.004,0.013,0.018,0.011,0.007,0.007,0.007
"20",20,60001,62850001,359,-0.003,-0.015,-0.012,-0.038,-0.038,-0.031,-0.022,-0.022,-0.044
"21",21,10697897,48050001,157,0.063,0.049,0.043,0.034,0.043,0.074,0.04,0.072,0.061
"22",22,16050001,51200001,300,0.027,0.043,0.006,0.06,0.049,0.051,0.032,0.015,0.015
