"chrom","start.pos","end.pos","n.probes","GSM2403710_9007225003_R03C01","GSM2403711_9007225003_R02C01","GSM2403742_9007225163_R04C01","GSM2403744_9007225144_R01C01","GSM2403746_9007225144_R04C02","GSM2404012_9340996008_R05C01","GSM2404013_9340996008_R01C02","GSM2404456_9420867122_R02C01","GSM2404458_9420867122_R04C02","GSM2404547_9553932029_R06C02","GSM2404553_9553932053_R02C02","GSM2404682_9741950085_R06C01","GSM2404783_9533774013_R03C02","GSM2405038_9969477079_R01C01","GSM2405086_9969477106_R05C02","GSM2405161_9878820062_R06C02","GSM2405364_3999834055_R06C02","GSM2405365_3999834062_R03C01","GSM2405599_9993943074_R06C01","GSM2940955_3998523030_R06C01"
"1",1,521369,249150001,1593,0.003,-0.1,-0.091,-0.009,-0.038,-0.041,-0.013,-0.08,0.025,-0.056,-0.061,0.004,-0.097,0.015,-0.195,-0.038,-0.009,0,-0.126,0.021
"2",2,10001,242950001,1282,-0.036,-0.111,0.083,-0.017,-0.042,-0.062,-0.034,-0.046,0.052,-0.061,-0.055,-0.012,-0.074,-0.027,-0.14,-0.072,-0.072,-0.038,-0.07,-0.011
"3",3,60001,197700001,978,-0.024,-0.167,-0.123,0,-0.026,-0.086,-0.037,-0.039,-0.078,-0.078,-0.047,0.009,-0.072,-0.035,-0.202,0.172,-0.085,-0.039,-0.029,0.001
"4",4,10001,190900001,742,-0.082,-0.143,-0.149,-0.043,-0.069,-0.086,-0.062,-0.074,-0.053,-0.095,-0.08,-0.041,-0.11,-0.074,-0.192,-0.077,-0.142,-0.074,-0.079,-0.069
"5",5,10001,180650001,849,-0.014,-0.132,-0.103,-0.006,-0.04,-0.068,0.014,-0.031,-0.025,-0.081,-0.201,0.01,-0.066,-0.029,-0.2,-0.08,-0.076,-0.029,-0.075,0
"6",6,60001,170850001,988,-0.031,-0.134,-0.103,-0.001,-0.031,-0.066,-0.028,-0.034,0.002,-0.054,-0.038,-0.021,-0.051,-0.037,-0.138,0.18,-0.086,-0.047,-0.062,-0.007
"7",7,10001,158950001,952,0.008,-0.015,-0.038,0.018,0.006,-0.031,0.009,-0.001,0.025,-0.042,0.015,-0.147,-0.002,-0.005,-0.091,0.153,-0.049,-0.009,-0.043,0.033
"8",8,10001,146250001,726,-0.038,-0.136,-0.101,-0.012,-0.035,-0.056,-0.028,-0.04,-0.161,-0.069,-0.053,-0.007,-0.06,-0.022,-0.143,0.027,-0.071,-0.03,-0.077,-0.011
"9",9,10001,141000001,383,0.003,-0.101,-0.072,-0.013,-0.04,-0.029,-0.01,-0.028,-0.023,-0.066,-0.06,0.029,-0.067,0.014,-0.165,-0.123,-0.001,-0.002,-0.105,0.022
"10",10,60001,135400001,840,0.003,-0.08,-0.052,0.007,-0.023,-0.027,-0.001,-0.008,-0.137,-0.037,-0.405,0.028,-0.034,-0.002,-0.117,-0.06,-0.025,-0.009,-0.068,0.02
"11",11,60001,134800001,914,0.004,-0.066,-0.087,-0.002,-0.019,-0.055,-0.015,-0.018,0.082,-0.063,-0.044,0.024,-0.058,-0.011,-0.168,0.075,-0.035,-0.02,-0.064,0.028
"12",12,145740,133700001,848,-0.012,-0.118,-0.1,-0.001,-0.029,-0.044,-0.024,-0.032,-0.014,-0.05,-0.046,0.009,-0.064,-0.017,-0.166,-0.085,-0.047,-0.023,-0.079,-0.002
"13",13,19020001,115050001,431,-0.03,-0.125,-0.096,0.019,0.022,-0.057,-0.03,-0.008,-0.025,-0.03,0.092,-0.034,-0.002,-0.047,-0.66,-0.038,-0.109,-0.046,-0.009,-0.311
"14",14,19000001,106950001,528,-0.016,-0.119,-0.102,-0.028,-0.053,-0.047,-0.016,-0.043,-0.044,-0.063,-0.078,0.025,-0.1,0.002,-0.2,0.127,-0.019,-0.006,-0.132,-0.002
"15",15,20000001,102300001,571,-0.002,-0.068,-0.08,-0.005,-0.032,-0.024,-0.01,-0.032,-0.027,-0.03,-0.059,0.034,-0.084,0.013,-0.163,-0.144,-0.009,-0.001,-0.137,0.013
"16",16,60001,90150001,624,0.006,-0.077,-0.01,-0.003,-0.011,0.012,0.012,0.01,-0.131,-0.017,-0.006,0.033,-0.012,0.013,-0.043,-0.064,0.024,0.011,-0.066,-0.118
"17",17,1,81050001,814,-0.08,0.008,0.061,-0.088,-0.108,-0.039,-0.066,-0.089,-0.22,-0.068,-0.117,-0.034,-0.154,-0.036,0.16,-0.203,0.013,-0.047,-0.161,-0.051
"18",18,10001,77950001,243,-0.137,-0.092,-0.195,-0.112,-0.146,-0.082,-0.096,-0.15,-0.184,-0.097,-0.106,-0.072,-0.187,-0.057,-0.149,-0.235,-0.11,-0.076,-0.111,-0.118
"19",19,60001,59050001,711,-0.058,-0.042,-0.089,-0.076,-0.118,-0.009,-0.041,-0.08,-0.101,-0.055,-0.098,-0.023,-0.137,-0.016,-0.11,-0.168,-0.001,-0.026,-0.183,-0.034
"20",20,60001,62850001,359,-0.048,0.027,0.043,-0.07,-0.078,-0.053,-0.056,-0.079,-0.087,-0.063,-0.105,-0.019,-0.129,-0.02,-0.108,0.084,-0.02,-0.027,-0.135,0.003
"21",21,10697897,48050001,157,-0.024,-0.029,-0.07,-0.048,-0.045,-0.004,-0.004,-0.027,-0.039,-0.034,-0.03,0.016,-0.065,-0.003,-0.079,0.106,-0.023,-0.015,-0.098,-0.008
"22",22,16050001,51200001,300,-0.011,-0.041,-0.067,-0.096,-0.11,0.001,-0.004,-0.052,-0.101,-0.055,-0.101,0.04,-0.125,0.038,-0.121,-0.234,0.053,0.023,-0.205,0.011
