"chromosome","start","end","segmean","sample","noise"
"1",1,635684,249195311,0.0028,"GSM2403710_9007225003_R03C01",0.523853190312153
"2",10,105000,135462374,0.0028,"GSM2403710_9007225003_R03C01",0.523853190312153
"3",11,130000,134873258,0.0038,"GSM2403710_9007225003_R03C01",0.523853190312153
"4",12,172870,133770948,-0.0121,"GSM2403710_9007225003_R03C01",0.523853190312153
"5",13,19110000,115079939,-0.0301,"GSM2403710_9007225003_R03C01",0.523853190312153
"6",14,19325000,107119770,-0.0159,"GSM2403710_9007225003_R03C01",0.523853190312153
"7",15,20225000,102410696,-0.0025,"GSM2403710_9007225003_R03C01",0.523853190312153
"8",16,105000,90222377,0.0057,"GSM2403710_9007225003_R03C01",0.523853190312153
"9",17,25000,81122605,-0.0804,"GSM2403710_9007225003_R03C01",0.523853190312153
"10",18,80000,77983624,-0.1372,"GSM2403710_9007225003_R03C01",0.523853190312153
"11",19,180000,59084492,-0.0581,"GSM2403710_9007225003_R03C01",0.523853190312153
"12",2,130000,243026238,-0.0365,"GSM2403710_9007225003_R03C01",0.523853190312153
"13",20,155000,62907760,-0.0482,"GSM2403710_9007225003_R03C01",0.523853190312153
"14",21,10848948,48084948,-0.0244,"GSM2403710_9007225003_R03C01",0.523853190312153
"15",22,16373925,51222283,-0.0107,"GSM2403710_9007225003_R03C01",0.523853190312153
"16",3,155000,197831215,-0.0238,"GSM2403710_9007225003_R03C01",0.523853190312153
"17",4,55000,190972138,-0.0824,"GSM2403710_9007225003_R03C01",0.523853190312153
"18",5,55000,180777630,-0.0135,"GSM2403710_9007225003_R03C01",0.523853190312153
"19",6,155000,170952534,-0.0311,"GSM2403710_9007225003_R03C01",0.523853190312153
"20",7,55000,159039332,0.0076,"GSM2403710_9007225003_R03C01",0.523853190312153
"21",8,105000,146277011,-0.0376,"GSM2403710_9007225003_R03C01",0.523853190312153
"22",9,130000,141076716,0.0033,"GSM2403710_9007225003_R03C01",0.523853190312153
"23",1,635684,249195311,-0.0995,"GSM2403711_9007225003_R02C01",0.703031353701364
"24",10,105000,135462374,-0.0799,"GSM2403711_9007225003_R02C01",0.703031353701364
"25",11,130000,50516927,-0.069,"GSM2403711_9007225003_R02C01",0.703031353701364
"26",11,54922103,56100000,-0.6408,"GSM2403711_9007225003_R02C01",0.703031353701364
"27",11,56300000,134873258,-0.0588,"GSM2403711_9007225003_R02C01",0.703031353701364
"28",12,172870,133770948,-0.1185,"GSM2403711_9007225003_R02C01",0.703031353701364
"29",13,19110000,115079939,-0.125,"GSM2403711_9007225003_R02C01",0.703031353701364
"30",14,19325000,107119770,-0.1192,"GSM2403711_9007225003_R02C01",0.703031353701364
"31",15,20225000,102410696,-0.0679,"GSM2403711_9007225003_R02C01",0.703031353701364
"32",16,105000,59975000,-0.0617,"GSM2403711_9007225003_R02C01",0.703031353701364
"33",16,61600000,66050000,-0.4402,"GSM2403711_9007225003_R02C01",0.703031353701364
"34",16,66275000,90222377,-0.0876,"GSM2403711_9007225003_R02C01",0.703031353701364
"35",17,25000,81122605,0.0082,"GSM2403711_9007225003_R02C01",0.703031353701364
"36",18,80000,77983624,-0.0921,"GSM2403711_9007225003_R02C01",0.703031353701364
"37",19,180000,59084492,-0.0418,"GSM2403711_9007225003_R02C01",0.703031353701364
"38",2,130000,33050000,-0.0402,"GSM2403711_9007225003_R02C01",0.703031353701364
"39",2,33300000,36750000,-0.4646,"GSM2403711_9007225003_R02C01",0.703031353701364
"40",2,36900000,243026238,-0.1228,"GSM2403711_9007225003_R02C01",0.703031353701364
"41",20,155000,62907760,0.0273,"GSM2403711_9007225003_R02C01",0.703031353701364
"42",21,10848948,48084948,-0.0291,"GSM2403711_9007225003_R02C01",0.703031353701364
"43",22,16373925,51222283,-0.041,"GSM2403711_9007225003_R02C01",0.703031353701364
"44",3,155000,197831215,-0.1673,"GSM2403711_9007225003_R02C01",0.703031353701364
"45",4,55000,190972138,-0.1428,"GSM2403711_9007225003_R02C01",0.703031353701364
"46",5,55000,180777630,-0.132,"GSM2403711_9007225003_R02C01",0.703031353701364
"47",6,155000,170952534,-0.1341,"GSM2403711_9007225003_R02C01",0.703031353701364
"48",7,55000,159039332,-0.0149,"GSM2403711_9007225003_R02C01",0.703031353701364
"49",8,105000,23325000,-0.1435,"GSM2403711_9007225003_R02C01",0.703031353701364
"50",8,23375000,24775000,-0.4436,"GSM2403711_9007225003_R02C01",0.703031353701364
"51",8,24825000,146277011,-0.13,"GSM2403711_9007225003_R02C01",0.703031353701364
"52",9,130000,141076716,-0.1011,"GSM2403711_9007225003_R02C01",0.703031353701364
"53",1,635684,249195311,-0.0908,"GSM2403742_9007225163_R04C01",0.634632855557935
"54",10,105000,135462374,-0.0523,"GSM2403742_9007225163_R04C01",0.634632855557935
"55",11,130000,134873258,-0.0866,"GSM2403742_9007225163_R04C01",0.634632855557935
"56",12,172870,77325000,-0.1156,"GSM2403742_9007225163_R04C01",0.634632855557935
"57",12,77475000,84200000,-0.5894,"GSM2403742_9007225163_R04C01",0.634632855557935
"58",12,85475000,133770948,-0.0603,"GSM2403742_9007225163_R04C01",0.634632855557935
"59",13,19110000,115079939,-0.0961,"GSM2403742_9007225163_R04C01",0.634632855557935
"60",14,19325000,107119770,-0.1019,"GSM2403742_9007225163_R04C01",0.634632855557935
"61",15,20225000,102410696,-0.0795,"GSM2403742_9007225163_R04C01",0.634632855557935
"62",16,105000,90222377,-0.0102,"GSM2403742_9007225163_R04C01",0.634632855557935
"63",17,25000,81122605,0.0608,"GSM2403742_9007225163_R04C01",0.634632855557935
"64",18,80000,77983624,-0.1948,"GSM2403742_9007225163_R04C01",0.634632855557935
"65",19,180000,59084492,-0.089,"GSM2403742_9007225163_R04C01",0.634632855557935
"66",2,130000,243026238,0.0828,"GSM2403742_9007225163_R04C01",0.634632855557935
"67",20,155000,62907760,0.0433,"GSM2403742_9007225163_R04C01",0.634632855557935
"68",21,10848948,48084948,-0.0702,"GSM2403742_9007225163_R04C01",0.634632855557935
"69",22,16373925,51222283,-0.0669,"GSM2403742_9007225163_R04C01",0.634632855557935
"70",3,155000,197831215,-0.1234,"GSM2403742_9007225163_R04C01",0.634632855557935
"71",4,55000,190972138,-0.1493,"GSM2403742_9007225163_R04C01",0.634632855557935
"72",5,55000,180777630,-0.1032,"GSM2403742_9007225163_R04C01",0.634632855557935
"73",6,155000,170952534,-0.1034,"GSM2403742_9007225163_R04C01",0.634632855557935
"74",7,55000,101475000,-0.0416,"GSM2403742_9007225163_R04C01",0.634632855557935
"75",7,101525000,101875000,0.2799,"GSM2403742_9007225163_R04C01",0.634632855557935
"76",7,101925000,159039332,-0.0378,"GSM2403742_9007225163_R04C01",0.634632855557935
"77",8,105000,146277011,-0.1009,"GSM2403742_9007225163_R04C01",0.634632855557935
"78",9,130000,141076716,-0.0725,"GSM2403742_9007225163_R04C01",0.634632855557935
"79",1,635684,249195311,-0.0087,"GSM2403744_9007225144_R01C01",0.548742176599985
"80",10,105000,135462374,0.0067,"GSM2403744_9007225144_R01C01",0.548742176599985
"81",11,130000,134873258,-0.0024,"GSM2403744_9007225144_R01C01",0.548742176599985
"82",12,172870,133770948,-8e-04,"GSM2403744_9007225144_R01C01",0.548742176599985
"83",13,19110000,115079939,0.0194,"GSM2403744_9007225144_R01C01",0.548742176599985
"84",14,19325000,107119770,-0.028,"GSM2403744_9007225144_R01C01",0.548742176599985
"85",15,20225000,102410696,-0.0046,"GSM2403744_9007225144_R01C01",0.548742176599985
"86",16,105000,90222377,-0.0027,"GSM2403744_9007225144_R01C01",0.548742176599985
"87",17,25000,81122605,-0.088,"GSM2403744_9007225144_R01C01",0.548742176599985
"88",18,80000,77983624,-0.1121,"GSM2403744_9007225144_R01C01",0.548742176599985
"89",19,180000,59084492,-0.0762,"GSM2403744_9007225144_R01C01",0.548742176599985
"90",2,130000,243026238,-0.0166,"GSM2403744_9007225144_R01C01",0.548742176599985
"91",20,155000,62907760,-0.0696,"GSM2403744_9007225144_R01C01",0.548742176599985
"92",21,10848948,48084948,-0.0476,"GSM2403744_9007225144_R01C01",0.548742176599985
"93",22,16373925,51222283,-0.0957,"GSM2403744_9007225144_R01C01",0.548742176599985
"94",3,155000,197831215,-1e-04,"GSM2403744_9007225144_R01C01",0.548742176599985
"95",4,55000,190972138,-0.043,"GSM2403744_9007225144_R01C01",0.548742176599985
"96",5,55000,180777630,-0.0055,"GSM2403744_9007225144_R01C01",0.548742176599985
"97",6,155000,170952534,-0.0012,"GSM2403744_9007225144_R01C01",0.548742176599985
"98",7,55000,159039332,0.0176,"GSM2403744_9007225144_R01C01",0.548742176599985
"99",8,105000,146277011,-0.0122,"GSM2403744_9007225144_R01C01",0.548742176599985
"100",9,130000,141076716,-0.0127,"GSM2403744_9007225144_R01C01",0.548742176599985
"101",1,635684,249195311,-0.0376,"GSM2403746_9007225144_R04C02",0.628139607328606
"102",10,105000,135462374,-0.0231,"GSM2403746_9007225144_R04C02",0.628139607328606
"103",11,130000,134873258,-0.0187,"GSM2403746_9007225144_R04C02",0.628139607328606
"104",12,172870,114375000,-0.0323,"GSM2403746_9007225144_R04C02",0.628139607328606
"105",12,114625000,116200000,-0.4778,"GSM2403746_9007225144_R04C02",0.628139607328606
"106",12,116500000,133770948,0.0044,"GSM2403746_9007225144_R04C02",0.628139607328606
"107",13,19110000,115079939,0.0225,"GSM2403746_9007225144_R04C02",0.628139607328606
"108",14,19325000,107119770,-0.0531,"GSM2403746_9007225144_R04C02",0.628139607328606
"109",15,20225000,102410696,-0.0324,"GSM2403746_9007225144_R04C02",0.628139607328606
"110",16,105000,90222377,-0.0107,"GSM2403746_9007225144_R04C02",0.628139607328606
"111",17,25000,46350000,-0.1118,"GSM2403746_9007225144_R04C02",0.628139607328606
"112",17,46550000,46825000,-0.5608,"GSM2403746_9007225144_R04C02",0.628139607328606
"113",17,46900000,81122605,-0.095,"GSM2403746_9007225144_R04C02",0.628139607328606
"114",18,80000,77983624,-0.1458,"GSM2403746_9007225144_R04C02",0.628139607328606
"115",19,180000,59084492,-0.1175,"GSM2403746_9007225144_R04C02",0.628139607328606
"116",2,130000,176475000,-0.0457,"GSM2403746_9007225144_R04C02",0.628139607328606
"117",2,176925000,177225000,-0.5904,"GSM2403746_9007225144_R04C02",0.628139607328606
"118",2,177425000,243026238,-0.0272,"GSM2403746_9007225144_R04C02",0.628139607328606
"119",20,155000,62907760,-0.0776,"GSM2403746_9007225144_R04C02",0.628139607328606
"120",21,10848948,48084948,-0.0448,"GSM2403746_9007225144_R04C02",0.628139607328606
"121",22,16373925,51222283,-0.1102,"GSM2403746_9007225144_R04C02",0.628139607328606
"122",3,155000,197831215,-0.0261,"GSM2403746_9007225144_R04C02",0.628139607328606
"123",4,55000,190972138,-0.0695,"GSM2403746_9007225144_R04C02",0.628139607328606
"124",5,55000,180777630,-0.0403,"GSM2403746_9007225144_R04C02",0.628139607328606
"125",6,155000,170952534,-0.0308,"GSM2403746_9007225144_R04C02",0.628139607328606
"126",7,55000,159039332,0.0055,"GSM2403746_9007225144_R04C02",0.628139607328606
"127",8,105000,146277011,-0.0348,"GSM2403746_9007225144_R04C02",0.628139607328606
"128",9,130000,141076716,-0.04,"GSM2403746_9007225144_R04C02",0.628139607328606
"129",1,635684,249195311,-0.0411,"GSM2404012_9340996008_R05C01",0.575780609276489
"130",10,105000,135462374,-0.0268,"GSM2404012_9340996008_R05C01",0.575780609276489
"131",11,130000,134873258,-0.0549,"GSM2404012_9340996008_R05C01",0.575780609276489
"132",12,172870,133770948,-0.0439,"GSM2404012_9340996008_R05C01",0.575780609276489
"133",13,19110000,115079939,-0.0573,"GSM2404012_9340996008_R05C01",0.575780609276489
"134",14,19325000,107119770,-0.0469,"GSM2404012_9340996008_R05C01",0.575780609276489
"135",15,20225000,102410696,-0.0245,"GSM2404012_9340996008_R05C01",0.575780609276489
"136",16,105000,90222377,0.0123,"GSM2404012_9340996008_R05C01",0.575780609276489
"137",17,25000,81122605,-0.0386,"GSM2404012_9340996008_R05C01",0.575780609276489
"138",18,80000,77983624,-0.0816,"GSM2404012_9340996008_R05C01",0.575780609276489
"139",19,180000,59084492,-0.0089,"GSM2404012_9340996008_R05C01",0.575780609276489
"140",2,130000,89315218,-0.0513,"GSM2404012_9340996008_R05C01",0.575780609276489
"141",2,91672552,95438086,0.2101,"GSM2404012_9340996008_R05C01",0.575780609276489
"142",2,95625000,243026238,-0.0724,"GSM2404012_9340996008_R05C01",0.575780609276489
"143",20,155000,62907760,-0.0531,"GSM2404012_9340996008_R05C01",0.575780609276489
"144",21,10848948,48084948,-0.0044,"GSM2404012_9340996008_R05C01",0.575780609276489
"145",22,16373925,51222283,9e-04,"GSM2404012_9340996008_R05C01",0.575780609276489
"146",3,155000,125175000,-0.0874,"GSM2404012_9340996008_R05C01",0.575780609276489
"147",3,125325000,125675000,0.2125,"GSM2404012_9340996008_R05C01",0.575780609276489
"148",3,125750000,197831215,-0.0873,"GSM2404012_9340996008_R05C01",0.575780609276489
"149",4,55000,190972138,-0.086,"GSM2404012_9340996008_R05C01",0.575780609276489
"150",5,55000,180777630,-0.0677,"GSM2404012_9340996008_R05C01",0.575780609276489
"151",6,155000,32375000,-0.053,"GSM2404012_9340996008_R05C01",0.575780609276489
"152",6,32425000,32650000,-0.4309,"GSM2404012_9340996008_R05C01",0.575780609276489
"153",6,32725000,170952534,-0.0688,"GSM2404012_9340996008_R05C01",0.575780609276489
"154",7,55000,159039332,-0.0307,"GSM2404012_9340996008_R05C01",0.575780609276489
"155",8,105000,88875000,-0.044,"GSM2404012_9340996008_R05C01",0.575780609276489
"156",8,89100000,92850000,-0.3354,"GSM2404012_9340996008_R05C01",0.575780609276489
"157",8,93125000,146277011,-0.0633,"GSM2404012_9340996008_R05C01",0.575780609276489
"158",9,130000,141076716,-0.0295,"GSM2404012_9340996008_R05C01",0.575780609276489
"159",1,635684,249195311,-0.0125,"GSM2404013_9340996008_R01C02",0.547455577046406
"160",10,105000,135462374,-8e-04,"GSM2404013_9340996008_R01C02",0.547455577046406
"161",11,130000,134873258,-0.0146,"GSM2404013_9340996008_R01C02",0.547455577046406
"162",12,172870,133770948,-0.0242,"GSM2404013_9340996008_R01C02",0.547455577046406
"163",13,19110000,115079939,-0.0302,"GSM2404013_9340996008_R01C02",0.547455577046406
"164",14,19325000,107119770,-0.016,"GSM2404013_9340996008_R01C02",0.547455577046406
"165",15,20225000,102410696,-0.0105,"GSM2404013_9340996008_R01C02",0.547455577046406
"166",16,105000,31825000,0.0014,"GSM2404013_9340996008_R01C02",0.547455577046406
"167",16,32075000,34600000,0.2761,"GSM2404013_9340996008_R01C02",0.547455577046406
"168",16,35017901,90222377,0.0112,"GSM2404013_9340996008_R01C02",0.547455577046406
"169",17,25000,81122605,-0.0658,"GSM2404013_9340996008_R01C02",0.547455577046406
"170",18,80000,77983624,-0.096,"GSM2404013_9340996008_R01C02",0.547455577046406
"171",19,180000,59084492,-0.0406,"GSM2404013_9340996008_R01C02",0.547455577046406
"172",2,130000,89315218,-0.0364,"GSM2404013_9340996008_R01C02",0.547455577046406
"173",2,91672552,92288086,0.2463,"GSM2404013_9340996008_R01C02",0.547455577046406
"174",2,95438086,243026238,-0.0346,"GSM2404013_9340996008_R01C02",0.547455577046406
"175",20,155000,62907760,-0.0557,"GSM2404013_9340996008_R01C02",0.547455577046406
"176",21,10848948,15475000,0.2037,"GSM2404013_9340996008_R01C02",0.547455577046406
"177",21,15650000,48084948,-0.0133,"GSM2404013_9340996008_R01C02",0.547455577046406
"178",22,16373925,51222283,-0.0036,"GSM2404013_9340996008_R01C02",0.547455577046406
"179",3,155000,197831215,-0.0374,"GSM2404013_9340996008_R01C02",0.547455577046406
"180",4,55000,190972138,-0.0616,"GSM2404013_9340996008_R01C02",0.547455577046406
"181",5,55000,180777630,0.014,"GSM2404013_9340996008_R01C02",0.547455577046406
"182",6,155000,170952534,-0.0281,"GSM2404013_9340996008_R01C02",0.547455577046406
"183",7,55000,159039332,0.0089,"GSM2404013_9340996008_R01C02",0.547455577046406
"184",8,105000,146277011,-0.0275,"GSM2404013_9340996008_R01C02",0.547455577046406
"185",9,130000,141076716,-0.0101,"GSM2404013_9340996008_R01C02",0.547455577046406
"186",1,635684,775000,0.1185,"GSM2404456_9420867122_R02C01",0.611939628596573
"187",1,825000,14925000,-0.4069,"GSM2404456_9420867122_R02C01",0.611939628596573
"188",1,15050000,249195311,-0.0397,"GSM2404456_9420867122_R02C01",0.611939628596573
"189",10,105000,135462374,-0.0083,"GSM2404456_9420867122_R02C01",0.611939628596573
"190",11,130000,134873258,-0.0181,"GSM2404456_9420867122_R02C01",0.611939628596573
"191",12,172870,133770948,-0.0321,"GSM2404456_9420867122_R02C01",0.611939628596573
"192",13,19110000,115079939,-0.0082,"GSM2404456_9420867122_R02C01",0.611939628596573
"193",14,19325000,107119770,-0.0435,"GSM2404456_9420867122_R02C01",0.611939628596573
"194",15,20225000,102410696,-0.0317,"GSM2404456_9420867122_R02C01",0.611939628596573
"195",16,105000,90222377,0.0104,"GSM2404456_9420867122_R02C01",0.611939628596573
"196",17,25000,81122605,-0.0887,"GSM2404456_9420867122_R02C01",0.611939628596573
"197",18,80000,77983624,-0.1497,"GSM2404456_9420867122_R02C01",0.611939628596573
"198",19,180000,59084492,-0.0804,"GSM2404456_9420867122_R02C01",0.611939628596573
"199",2,130000,243026238,-0.0459,"GSM2404456_9420867122_R02C01",0.611939628596573
"200",20,155000,62907760,-0.0792,"GSM2404456_9420867122_R02C01",0.611939628596573
"201",21,10848948,48084948,-0.0275,"GSM2404456_9420867122_R02C01",0.611939628596573
"202",22,16373925,51222283,-0.0518,"GSM2404456_9420867122_R02C01",0.611939628596573
"203",3,155000,197831215,-0.0393,"GSM2404456_9420867122_R02C01",0.611939628596573
"204",4,55000,190972138,-0.0744,"GSM2404456_9420867122_R02C01",0.611939628596573
"205",5,55000,180777630,-0.0309,"GSM2404456_9420867122_R02C01",0.611939628596573
"206",6,155000,170952534,-0.0336,"GSM2404456_9420867122_R02C01",0.611939628596573
"207",7,55000,159039332,-7e-04,"GSM2404456_9420867122_R02C01",0.611939628596573
"208",8,105000,146277011,-0.0399,"GSM2404456_9420867122_R02C01",0.611939628596573
"209",9,130000,141076716,-0.0283,"GSM2404456_9420867122_R02C01",0.611939628596573
"210",1,635684,249195311,0.0247,"GSM2404458_9420867122_R04C02",0.654248086449754
"211",10,105000,36350000,-0.4436,"GSM2404458_9420867122_R04C02",0.654248086449754
"212",10,37100000,135462374,-0.0237,"GSM2404458_9420867122_R04C02",0.654248086449754
"213",11,130000,23975000,-0.0366,"GSM2404458_9420867122_R04C02",0.654248086449754
"214",11,25325000,50516927,-0.523,"GSM2404458_9420867122_R04C02",0.654248086449754
"215",11,54922103,134873258,0.2438,"GSM2404458_9420867122_R04C02",0.654248086449754
"216",12,172870,133770948,-0.0139,"GSM2404458_9420867122_R04C02",0.654248086449754
"217",13,19110000,50600000,-0.0061,"GSM2404458_9420867122_R04C02",0.654248086449754
"218",13,50675000,58225000,-0.3789,"GSM2404458_9420867122_R04C02",0.654248086449754
"219",13,59125000,81600000,0.0224,"GSM2404458_9420867122_R04C02",0.654248086449754
"220",13,83350000,96150000,-0.4388,"GSM2404458_9420867122_R04C02",0.654248086449754
"221",13,96275000,115079939,0.0684,"GSM2404458_9420867122_R04C02",0.654248086449754
"222",14,19325000,107119770,-0.0442,"GSM2404458_9420867122_R04C02",0.654248086449754
"223",15,20225000,34625000,0.0175,"GSM2404458_9420867122_R04C02",0.654248086449754
"224",15,34700000,35150000,-0.6351,"GSM2404458_9420867122_R04C02",0.654248086449754
"225",15,35275000,102410696,-0.0281,"GSM2404458_9420867122_R04C02",0.654248086449754
"226",16,105000,85125000,-0.0482,"GSM2404458_9420867122_R04C02",0.654248086449754
"227",16,85175000,85675000,-2.5215,"GSM2404458_9420867122_R04C02",0.654248086449754
"228",16,85725000,90222377,-0.3471,"GSM2404458_9420867122_R04C02",0.654248086449754
"229",17,25000,18925000,-0.5522,"GSM2404458_9420867122_R04C02",0.654248086449754
"230",17,19025000,81122605,-0.108,"GSM2404458_9420867122_R04C02",0.654248086449754
"231",18,80000,6125000,-0.6711,"GSM2404458_9420867122_R04C02",0.654248086449754
"232",18,6650000,77983624,-0.1276,"GSM2404458_9420867122_R04C02",0.654248086449754
"233",19,180000,59084492,-0.1012,"GSM2404458_9420867122_R04C02",0.654248086449754
"234",2,130000,243026238,0.0524,"GSM2404458_9420867122_R04C02",0.654248086449754
"235",20,155000,62907760,-0.0872,"GSM2404458_9420867122_R04C02",0.654248086449754
"236",21,10848948,48084948,-0.0391,"GSM2404458_9420867122_R04C02",0.654248086449754
"237",22,16373925,51222283,-0.1012,"GSM2404458_9420867122_R04C02",0.654248086449754
"238",3,155000,22800000,-0.5338,"GSM2404458_9420867122_R04C02",0.654248086449754
"239",3,23400000,197831215,-0.0147,"GSM2404458_9420867122_R04C02",0.654248086449754
"240",4,55000,190972138,-0.0527,"GSM2404458_9420867122_R04C02",0.654248086449754
"241",5,55000,180777630,-0.0254,"GSM2404458_9420867122_R04C02",0.654248086449754
"242",6,155000,170952534,0.0016,"GSM2404458_9420867122_R04C02",0.654248086449754
"243",7,55000,159039332,0.0246,"GSM2404458_9420867122_R04C02",0.654248086449754
"244",8,105000,7050000,-0.2752,"GSM2404458_9420867122_R04C02",0.654248086449754
"245",8,7225000,8100000,0.1426,"GSM2404458_9420867122_R04C02",0.654248086449754
"246",8,8175000,11825000,-0.4935,"GSM2404458_9420867122_R04C02",0.654248086449754
"247",8,11900000,12575000,0.1003,"GSM2404458_9420867122_R04C02",0.654248086449754
"248",8,12625000,32500000,-0.5594,"GSM2404458_9420867122_R04C02",0.654248086449754
"249",8,32925000,146277011,-0.0424,"GSM2404458_9420867122_R04C02",0.654248086449754
"250",9,130000,141076716,-0.0226,"GSM2404458_9420867122_R04C02",0.654248086449754
"251",1,635684,249195311,-0.0558,"GSM2404547_9553932029_R06C02",0.70554833704304
"252",10,105000,135462374,-0.037,"GSM2404547_9553932029_R06C02",0.70554833704304
"253",11,130000,134873258,-0.0627,"GSM2404547_9553932029_R06C02",0.70554833704304
"254",12,172870,114375000,-0.0639,"GSM2404547_9553932029_R06C02",0.70554833704304
"255",12,114625000,116200000,-0.4146,"GSM2404547_9553932029_R06C02",0.70554833704304
"256",12,116500000,133770948,0.0163,"GSM2404547_9553932029_R06C02",0.70554833704304
"257",13,19110000,115079939,-0.0296,"GSM2404547_9553932029_R06C02",0.70554833704304
"258",14,19325000,107119770,-0.063,"GSM2404547_9553932029_R06C02",0.70554833704304
"259",15,20225000,102410696,-0.0296,"GSM2404547_9553932029_R06C02",0.70554833704304
"260",16,105000,90222377,-0.0166,"GSM2404547_9553932029_R06C02",0.70554833704304
"261",17,25000,81122605,-0.068,"GSM2404547_9553932029_R06C02",0.70554833704304
"262",18,80000,77983624,-0.0971,"GSM2404547_9553932029_R06C02",0.70554833704304
"263",19,180000,59084492,-0.0548,"GSM2404547_9553932029_R06C02",0.70554833704304
"264",2,130000,236625000,-0.0675,"GSM2404547_9553932029_R06C02",0.70554833704304
"265",2,236675000,236950000,0.3511,"GSM2404547_9553932029_R06C02",0.70554833704304
"266",2,237025000,243026238,0.0074,"GSM2404547_9553932029_R06C02",0.70554833704304
"267",20,155000,62907760,-0.0627,"GSM2404547_9553932029_R06C02",0.70554833704304
"268",21,10848948,48084948,-0.0343,"GSM2404547_9553932029_R06C02",0.70554833704304
"269",22,16373925,51222283,-0.0548,"GSM2404547_9553932029_R06C02",0.70554833704304
"270",3,155000,197831215,-0.0775,"GSM2404547_9553932029_R06C02",0.70554833704304
"271",4,55000,190972138,-0.095,"GSM2404547_9553932029_R06C02",0.70554833704304
"272",5,55000,180777630,-0.0811,"GSM2404547_9553932029_R06C02",0.70554833704304
"273",6,155000,170952534,-0.0544,"GSM2404547_9553932029_R06C02",0.70554833704304
"274",7,55000,159039332,-0.0417,"GSM2404547_9553932029_R06C02",0.70554833704304
"275",8,105000,146277011,-0.0689,"GSM2404547_9553932029_R06C02",0.70554833704304
"276",9,130000,141076716,-0.0665,"GSM2404547_9553932029_R06C02",0.70554833704304
"277",1,635684,249195311,-0.0612,"GSM2404553_9553932053_R02C02",0.766523461564068
"278",10,105000,5050000,-0.0788,"GSM2404553_9553932053_R02C02",0.766523461564068
"279",10,5325000,135462374,-0.4277,"GSM2404553_9553932053_R02C02",0.766523461564068
"280",11,130000,134873258,-0.0442,"GSM2404553_9553932053_R02C02",0.766523461564068
"281",12,172870,133770948,-0.0465,"GSM2404553_9553932053_R02C02",0.766523461564068
"282",13,19110000,115079939,0.0925,"GSM2404553_9553932053_R02C02",0.766523461564068
"283",14,19325000,107119770,-0.0776,"GSM2404553_9553932053_R02C02",0.766523461564068
"284",15,20225000,102410696,-0.0585,"GSM2404553_9553932053_R02C02",0.766523461564068
"285",16,105000,90222377,-0.0065,"GSM2404553_9553932053_R02C02",0.766523461564068
"286",17,25000,81122605,-0.1175,"GSM2404553_9553932053_R02C02",0.766523461564068
"287",18,80000,77983624,-0.1062,"GSM2404553_9553932053_R02C02",0.766523461564068
"288",19,180000,59084492,-0.0981,"GSM2404553_9553932053_R02C02",0.766523461564068
"289",2,130000,243026238,-0.0555,"GSM2404553_9553932053_R02C02",0.766523461564068
"290",20,155000,62907760,-0.1054,"GSM2404553_9553932053_R02C02",0.766523461564068
"291",21,10848948,48084948,-0.0301,"GSM2404553_9553932053_R02C02",0.766523461564068
"292",22,16373925,51222283,-0.101,"GSM2404553_9553932053_R02C02",0.766523461564068
"293",3,155000,197831215,-0.0467,"GSM2404553_9553932053_R02C02",0.766523461564068
"294",4,55000,190972138,-0.0796,"GSM2404553_9553932053_R02C02",0.766523461564068
"295",5,55000,45225000,0.2133,"GSM2404553_9553932053_R02C02",0.766523461564068
"296",5,46027821,180777630,-0.3284,"GSM2404553_9553932053_R02C02",0.766523461564068
"297",6,155000,170952534,-0.0376,"GSM2404553_9553932053_R02C02",0.766523461564068
"298",7,55000,159039332,0.0146,"GSM2404553_9553932053_R02C02",0.766523461564068
"299",8,105000,146277011,-0.053,"GSM2404553_9553932053_R02C02",0.766523461564068
"300",9,130000,141076716,-0.0601,"GSM2404553_9553932053_R02C02",0.766523461564068
"301",1,635684,12400000,-0.295,"GSM2404682_9741950085_R06C01",0.563526938084778
"302",1,12525000,148927230,0.042,"GSM2404682_9741950085_R06C01",0.563526938084778
"303",1,149077230,149579823,-0.2909,"GSM2404682_9741950085_R06C01",0.563526938084778
"304",1,149700000,249195311,0.0359,"GSM2404682_9741950085_R06C01",0.563526938084778
"305",10,105000,135462374,0.0285,"GSM2404682_9741950085_R06C01",0.563526938084778
"306",11,130000,48550000,0.0245,"GSM2404682_9741950085_R06C01",0.563526938084778
"307",11,48975000,56100000,-0.1618,"GSM2404682_9741950085_R06C01",0.563526938084778
"308",11,56300000,134873258,0.0281,"GSM2404682_9741950085_R06C01",0.563526938084778
"309",12,172870,133770948,0.0092,"GSM2404682_9741950085_R06C01",0.563526938084778
"310",13,19110000,115079939,-0.0341,"GSM2404682_9741950085_R06C01",0.563526938084778
"311",14,19325000,107119770,0.0254,"GSM2404682_9741950085_R06C01",0.563526938084778
"312",15,20225000,102410696,0.0339,"GSM2404682_9741950085_R06C01",0.563526938084778
"313",16,105000,90222377,0.0334,"GSM2404682_9741950085_R06C01",0.563526938084778
"314",17,25000,81122605,-0.0341,"GSM2404682_9741950085_R06C01",0.563526938084778
"315",18,80000,77983624,-0.072,"GSM2404682_9741950085_R06C01",0.563526938084778
"316",19,180000,59084492,-0.0229,"GSM2404682_9741950085_R06C01",0.563526938084778
"317",2,130000,243026238,-0.0118,"GSM2404682_9741950085_R06C01",0.563526938084778
"318",20,155000,62907760,-0.0187,"GSM2404682_9741950085_R06C01",0.563526938084778
"319",21,10848948,48084948,0.0164,"GSM2404682_9741950085_R06C01",0.563526938084778
"320",22,16373925,51222283,0.0399,"GSM2404682_9741950085_R06C01",0.563526938084778
"321",3,155000,197831215,0.0086,"GSM2404682_9741950085_R06C01",0.563526938084778
"322",4,55000,190972138,-0.0415,"GSM2404682_9741950085_R06C01",0.563526938084778
"323",5,55000,180777630,0.0101,"GSM2404682_9741950085_R06C01",0.563526938084778
"324",6,155000,375000,0.2846,"GSM2404682_9741950085_R06C01",0.563526938084778
"325",6,425000,32375000,-0.0136,"GSM2404682_9741950085_R06C01",0.563526938084778
"326",6,32425000,32650000,-1.0116,"GSM2404682_9741950085_R06C01",0.563526938084778
"327",6,32725000,170952534,-0.0186,"GSM2404682_9741950085_R06C01",0.563526938084778
"328",7,55000,67475000,0.1664,"GSM2404682_9741950085_R06C01",0.563526938084778
"329",7,68625000,105875000,-0.3403,"GSM2404682_9741950085_R06C01",0.563526938084778
"330",7,106125000,127050000,-0.5779,"GSM2404682_9741950085_R06C01",0.563526938084778
"331",7,127225000,159039332,-0.3542,"GSM2404682_9741950085_R06C01",0.563526938084778
"332",8,105000,146277011,-0.0069,"GSM2404682_9741950085_R06C01",0.563526938084778
"333",9,130000,141076716,0.0286,"GSM2404682_9741950085_R06C01",0.563526938084778
"334",1,635684,121193348,-0.1044,"GSM2404783_9533774013_R03C02",0.713114835146425
"335",1,121392717,145225000,0.3183,"GSM2404783_9533774013_R03C02",0.713114835146425
"336",1,145375000,249195311,-0.0906,"GSM2404783_9533774013_R03C02",0.713114835146425
"337",10,105000,135462374,-0.0337,"GSM2404783_9533774013_R03C02",0.713114835146425
"338",11,130000,134873258,-0.0579,"GSM2404783_9533774013_R03C02",0.713114835146425
"339",12,172870,133770948,-0.0641,"GSM2404783_9533774013_R03C02",0.713114835146425
"340",13,19110000,115079939,-0.0023,"GSM2404783_9533774013_R03C02",0.713114835146425
"341",14,19325000,107119770,-0.1005,"GSM2404783_9533774013_R03C02",0.713114835146425
"342",15,20225000,102410696,-0.0842,"GSM2404783_9533774013_R03C02",0.713114835146425
"343",16,105000,90222377,-0.0116,"GSM2404783_9533774013_R03C02",0.713114835146425
"344",17,25000,81122605,-0.1537,"GSM2404783_9533774013_R03C02",0.713114835146425
"345",18,80000,77983624,-0.1873,"GSM2404783_9533774013_R03C02",0.713114835146425
"346",19,180000,59084492,-0.1374,"GSM2404783_9533774013_R03C02",0.713114835146425
"347",2,130000,243026238,-0.0743,"GSM2404783_9533774013_R03C02",0.713114835146425
"348",20,155000,62907760,-0.1293,"GSM2404783_9533774013_R03C02",0.713114835146425
"349",21,10848948,48084948,-0.0652,"GSM2404783_9533774013_R03C02",0.713114835146425
"350",22,16373925,51222283,-0.1249,"GSM2404783_9533774013_R03C02",0.713114835146425
"351",3,155000,197831215,-0.0716,"GSM2404783_9533774013_R03C02",0.713114835146425
"352",4,55000,190972138,-0.1099,"GSM2404783_9533774013_R03C02",0.713114835146425
"353",5,55000,180777630,-0.0655,"GSM2404783_9533774013_R03C02",0.713114835146425
"354",6,155000,170952534,-0.0505,"GSM2404783_9533774013_R03C02",0.713114835146425
"355",7,55000,159039332,-0.0022,"GSM2404783_9533774013_R03C02",0.713114835146425
"356",8,105000,146277011,-0.0597,"GSM2404783_9533774013_R03C02",0.713114835146425
"357",9,130000,141076716,-0.0669,"GSM2404783_9533774013_R03C02",0.713114835146425
"358",1,635684,249195311,0.0153,"GSM2405038_9969477079_R01C01",0.482203745559052
"359",10,105000,135462374,-0.0017,"GSM2405038_9969477079_R01C01",0.482203745559052
"360",11,130000,36600000,-0.0124,"GSM2405038_9969477079_R01C01",0.482203745559052
"361",11,38475000,43325000,-0.2675,"GSM2405038_9969477079_R01C01",0.482203745559052
"362",11,43450000,48975000,0.0337,"GSM2405038_9969477079_R01C01",0.482203745559052
"363",11,49250000,56100000,-0.2114,"GSM2405038_9969477079_R01C01",0.482203745559052
"364",11,56300000,134873258,-0.0084,"GSM2405038_9969477079_R01C01",0.482203745559052
"365",12,172870,133770948,-0.0165,"GSM2405038_9969477079_R01C01",0.482203745559052
"366",13,19110000,115079939,-0.0467,"GSM2405038_9969477079_R01C01",0.482203745559052
"367",14,19325000,107119770,0.0019,"GSM2405038_9969477079_R01C01",0.482203745559052
"368",15,20225000,102410696,0.0128,"GSM2405038_9969477079_R01C01",0.482203745559052
"369",16,105000,90222377,0.0126,"GSM2405038_9969477079_R01C01",0.482203745559052
"370",17,25000,81122605,-0.0359,"GSM2405038_9969477079_R01C01",0.482203745559052
"371",18,80000,77983624,-0.057,"GSM2405038_9969477079_R01C01",0.482203745559052
"372",19,180000,59084492,-0.0163,"GSM2405038_9969477079_R01C01",0.482203745559052
"373",2,130000,180825000,-0.0269,"GSM2405038_9969477079_R01C01",0.482203745559052
"374",2,181350000,190825000,-0.1941,"GSM2405038_9969477079_R01C01",0.482203745559052
"375",2,191025000,243026238,-0.0148,"GSM2405038_9969477079_R01C01",0.482203745559052
"376",20,155000,62907760,-0.0197,"GSM2405038_9969477079_R01C01",0.482203745559052
"377",21,10848948,48084948,-0.0033,"GSM2405038_9969477079_R01C01",0.482203745559052
"378",22,16373925,51222283,0.0376,"GSM2405038_9969477079_R01C01",0.482203745559052
"379",3,155000,197831215,-0.0351,"GSM2405038_9969477079_R01C01",0.482203745559052
"380",4,55000,190972138,-0.0739,"GSM2405038_9969477079_R01C01",0.482203745559052
"381",5,55000,1.6e+08,-0.0342,"GSM2405038_9969477079_R01C01",0.482203745559052
"382",5,160550000,162075000,-0.2602,"GSM2405038_9969477079_R01C01",0.482203745559052
"383",5,162875000,180777630,0.0053,"GSM2405038_9969477079_R01C01",0.482203745559052
"384",6,155000,32375000,-0.0215,"GSM2405038_9969477079_R01C01",0.482203745559052
"385",6,32425000,32650000,-0.3347,"GSM2405038_9969477079_R01C01",0.482203745559052
"386",6,32725000,170952534,-0.0413,"GSM2405038_9969477079_R01C01",0.482203745559052
"387",7,55000,159039332,-0.0049,"GSM2405038_9969477079_R01C01",0.482203745559052
"388",8,105000,88875000,-0.011,"GSM2405038_9969477079_R01C01",0.482203745559052
"389",8,89100000,92850000,-0.3013,"GSM2405038_9969477079_R01C01",0.482203745559052
"390",8,93125000,146277011,-0.026,"GSM2405038_9969477079_R01C01",0.482203745559052
"391",9,130000,141076716,0.0145,"GSM2405038_9969477079_R01C01",0.482203745559052
"392",1,635684,249195311,-0.1952,"GSM2405086_9969477106_R05C02",0.992293264144238
"393",10,105000,135462374,-0.1171,"GSM2405086_9969477106_R05C02",0.992293264144238
"394",11,130000,71275000,-0.1602,"GSM2405086_9969477106_R05C02",0.992293264144238
"395",11,71325000,71475000,0.5644,"GSM2405086_9969477106_R05C02",0.992293264144238
"396",11,71550000,134873258,-0.1833,"GSM2405086_9969477106_R05C02",0.992293264144238
"397",12,172870,133770948,-0.1662,"GSM2405086_9969477106_R05C02",0.992293264144238
"398",13,19110000,113075000,-0.6922,"GSM2405086_9969477106_R05C02",0.992293264144238
"399",13,113125000,115079939,-0.2286,"GSM2405086_9969477106_R05C02",0.992293264144238
"400",14,19325000,20025000,0.3666,"GSM2405086_9969477106_R05C02",0.992293264144238
"401",14,20450000,106025000,-0.2132,"GSM2405086_9969477106_R05C02",0.992293264144238
"402",14,106075000,107119770,0.2711,"GSM2405086_9969477106_R05C02",0.992293264144238
"403",15,20225000,102410696,-0.1633,"GSM2405086_9969477106_R05C02",0.992293264144238
"404",16,105000,31825000,-0.0509,"GSM2405086_9969477106_R05C02",0.992293264144238
"405",16,32075000,33986575,0.5495,"GSM2405086_9969477106_R05C02",0.992293264144238
"406",16,34286575,90222377,-0.0528,"GSM2405086_9969477106_R05C02",0.992293264144238
"407",17,25000,81122605,0.1598,"GSM2405086_9969477106_R05C02",0.992293264144238
"408",18,80000,77983624,-0.1493,"GSM2405086_9969477106_R05C02",0.992293264144238
"409",19,180000,59084492,-0.1105,"GSM2405086_9969477106_R05C02",0.992293264144238
"410",2,130000,89315218,-0.1299,"GSM2405086_9969477106_R05C02",0.992293264144238
"411",2,91672552,92288086,0.5654,"GSM2405086_9969477106_R05C02",0.992293264144238
"412",2,95438086,243026238,-0.1516,"GSM2405086_9969477106_R05C02",0.992293264144238
"413",20,155000,62907760,-0.1076,"GSM2405086_9969477106_R05C02",0.992293264144238
"414",21,10848948,48084948,-0.0785,"GSM2405086_9969477106_R05C02",0.992293264144238
"415",22,16373925,51222283,-0.1212,"GSM2405086_9969477106_R05C02",0.992293264144238
"416",3,155000,74175000,-0.2051,"GSM2405086_9969477106_R05C02",0.992293264144238
"417",3,75025000,75800000,0.4301,"GSM2405086_9969477106_R05C02",0.992293264144238
"418",3,76450000,197831215,-0.2063,"GSM2405086_9969477106_R05C02",0.992293264144238
"419",4,55000,190972138,-0.1919,"GSM2405086_9969477106_R05C02",0.992293264144238
"420",5,55000,180777630,-0.2004,"GSM2405086_9969477106_R05C02",0.992293264144238
"421",6,155000,170952534,-0.1382,"GSM2405086_9969477106_R05C02",0.992293264144238
"422",7,55000,159039332,-0.0914,"GSM2405086_9969477106_R05C02",0.992293264144238
"423",8,105000,146277011,-0.1435,"GSM2405086_9969477106_R05C02",0.992293264144238
"424",9,130000,141076716,-0.1646,"GSM2405086_9969477106_R05C02",0.992293264144238
"425",1,635684,775000,0.3126,"GSM2405161_9878820062_R06C02",0.60098770144433
"426",1,825000,249195311,-0.0385,"GSM2405161_9878820062_R06C02",0.60098770144433
"427",10,105000,135462374,-0.0597,"GSM2405161_9878820062_R06C02",0.60098770144433
"428",11,130000,134873258,0.0754,"GSM2405161_9878820062_R06C02",0.60098770144433
"429",12,172870,133770948,-0.0854,"GSM2405161_9878820062_R06C02",0.60098770144433
"430",13,19110000,115079939,-0.0383,"GSM2405161_9878820062_R06C02",0.60098770144433
"431",14,19325000,107119770,0.1267,"GSM2405161_9878820062_R06C02",0.60098770144433
"432",15,20225000,102410696,-0.1437,"GSM2405161_9878820062_R06C02",0.60098770144433
"433",16,105000,62075000,-0.0886,"GSM2405161_9878820062_R06C02",0.60098770144433
"434",16,62875000,66275000,0.2654,"GSM2405161_9878820062_R06C02",0.60098770144433
"435",16,66425000,90222377,-0.0361,"GSM2405161_9878820062_R06C02",0.60098770144433
"436",17,25000,81122605,-0.2034,"GSM2405161_9878820062_R06C02",0.60098770144433
"437",18,80000,77983624,-0.2348,"GSM2405161_9878820062_R06C02",0.60098770144433
"438",19,180000,59084492,-0.1679,"GSM2405161_9878820062_R06C02",0.60098770144433
"439",2,130000,243026238,-0.072,"GSM2405161_9878820062_R06C02",0.60098770144433
"440",20,155000,62907760,0.0842,"GSM2405161_9878820062_R06C02",0.60098770144433
"441",21,10848948,48084948,0.1058,"GSM2405161_9878820062_R06C02",0.60098770144433
"442",22,16373925,51222283,-0.2337,"GSM2405161_9878820062_R06C02",0.60098770144433
"443",3,155000,197831215,0.1715,"GSM2405161_9878820062_R06C02",0.60098770144433
"444",4,55000,190972138,-0.0771,"GSM2405161_9878820062_R06C02",0.60098770144433
"445",5,55000,180777630,-0.0802,"GSM2405161_9878820062_R06C02",0.60098770144433
"446",6,155000,170952534,0.18,"GSM2405161_9878820062_R06C02",0.60098770144433
"447",7,55000,159039332,0.1528,"GSM2405161_9878820062_R06C02",0.60098770144433
"448",8,105000,146277011,0.0274,"GSM2405161_9878820062_R06C02",0.60098770144433
"449",9,130000,141076716,-0.1229,"GSM2405161_9878820062_R06C02",0.60098770144433
"450",1,635684,78500000,0.0346,"GSM2405364_3999834055_R06C02",0.554729753835293
"451",1,78775000,84625000,-0.3424,"GSM2405364_3999834055_R06C02",0.554729753835293
"452",1,84775000,148927230,-0.0556,"GSM2405364_3999834055_R06C02",0.554729753835293
"453",1,149077230,149579823,-0.4391,"GSM2405364_3999834055_R06C02",0.554729753835293
"454",1,149700000,185225000,-0.0193,"GSM2405364_3999834055_R06C02",0.554729753835293
"455",1,185525000,200825000,-0.2994,"GSM2405364_3999834055_R06C02",0.554729753835293
"456",1,200900000,214575000,0.0356,"GSM2405364_3999834055_R06C02",0.554729753835293
"457",1,214650000,219400000,-0.2432,"GSM2405364_3999834055_R06C02",0.554729753835293
"458",1,219800000,249195311,-0.0327,"GSM2405364_3999834055_R06C02",0.554729753835293
"459",10,105000,135462374,-0.0252,"GSM2405364_3999834055_R06C02",0.554729753835293
"460",11,130000,36425000,-0.0382,"GSM2405364_3999834055_R06C02",0.554729753835293
"461",11,36525000,43325000,-0.3781,"GSM2405364_3999834055_R06C02",0.554729753835293
"462",11,43450000,48550000,0.038,"GSM2405364_3999834055_R06C02",0.554729753835293
"463",11,48975000,56300000,-0.3705,"GSM2405364_3999834055_R06C02",0.554729753835293
"464",11,56675000,134873258,-0.0266,"GSM2405364_3999834055_R06C02",0.554729753835293
"465",12,172870,133770948,-0.0469,"GSM2405364_3999834055_R06C02",0.554729753835293
"466",13,19110000,115079939,-0.1087,"GSM2405364_3999834055_R06C02",0.554729753835293
"467",14,19325000,107119770,-0.0188,"GSM2405364_3999834055_R06C02",0.554729753835293
"468",15,20225000,102410696,-0.0092,"GSM2405364_3999834055_R06C02",0.554729753835293
"469",16,105000,90222377,0.0243,"GSM2405364_3999834055_R06C02",0.554729753835293
"470",17,25000,81122605,0.0125,"GSM2405364_3999834055_R06C02",0.554729753835293
"471",18,80000,77983624,-0.1097,"GSM2405364_3999834055_R06C02",0.554729753835293
"472",19,180000,59084492,-0.0015,"GSM2405364_3999834055_R06C02",0.554729753835293
"473",2,130000,187550000,-0.0765,"GSM2405364_3999834055_R06C02",0.554729753835293
"474",2,187675000,190150000,-0.5544,"GSM2405364_3999834055_R06C02",0.554729753835293
"475",2,190325000,243026238,-0.0478,"GSM2405364_3999834055_R06C02",0.554729753835293
"476",20,155000,62907760,-0.0196,"GSM2405364_3999834055_R06C02",0.554729753835293
"477",21,10848948,48084948,-0.0226,"GSM2405364_3999834055_R06C02",0.554729753835293
"478",22,16373925,51222283,0.0528,"GSM2405364_3999834055_R06C02",0.554729753835293
"479",3,155000,4075000,-0.2912,"GSM2405364_3999834055_R06C02",0.554729753835293
"480",3,4400000,75800000,-0.045,"GSM2405364_3999834055_R06C02",0.554729753835293
"481",3,76450000,97950000,-0.335,"GSM2405364_3999834055_R06C02",0.554729753835293
"482",3,98225000,197831215,-0.0998,"GSM2405364_3999834055_R06C02",0.554729753835293
"483",4,55000,8724602,0.0526,"GSM2405364_3999834055_R06C02",0.554729753835293
"484",4,9387321,190972138,-0.1824,"GSM2405364_3999834055_R06C02",0.554729753835293
"485",5,55000,1.6e+08,-0.0886,"GSM2405364_3999834055_R06C02",0.554729753835293
"486",5,160550000,162075000,-0.4279,"GSM2405364_3999834055_R06C02",0.554729753835293
"487",5,162875000,180777630,-0.0027,"GSM2405364_3999834055_R06C02",0.554729753835293
"488",6,155000,170952534,-0.0865,"GSM2405364_3999834055_R06C02",0.554729753835293
"489",7,55000,159039332,-0.0491,"GSM2405364_3999834055_R06C02",0.554729753835293
"490",8,105000,88875000,-0.0678,"GSM2405364_3999834055_R06C02",0.554729753835293
"491",8,89100000,94075000,-0.4156,"GSM2405364_3999834055_R06C02",0.554729753835293
"492",8,94375000,146277011,-0.0543,"GSM2405364_3999834055_R06C02",0.554729753835293
"493",9,130000,141076716,-7e-04,"GSM2405364_3999834055_R06C02",0.554729753835293
"494",1,635684,249195311,-1e-04,"GSM2405365_3999834062_R03C01",0.508510572115094
"495",10,105000,135462374,-0.0092,"GSM2405365_3999834062_R03C01",0.508510572115094
"496",11,130000,48550000,-0.0172,"GSM2405365_3999834062_R03C01",0.508510572115094
"497",11,48975000,56300000,-0.209,"GSM2405365_3999834062_R03C01",0.508510572115094
"498",11,56675000,134873258,-0.0165,"GSM2405365_3999834062_R03C01",0.508510572115094
"499",12,172870,133770948,-0.0233,"GSM2405365_3999834062_R03C01",0.508510572115094
"500",13,19110000,115079939,-0.0461,"GSM2405365_3999834062_R03C01",0.508510572115094
"501",14,19325000,107119770,-0.0061,"GSM2405365_3999834062_R03C01",0.508510572115094
"502",15,20225000,102410696,-0.0012,"GSM2405365_3999834062_R03C01",0.508510572115094
"503",16,105000,90222377,0.0105,"GSM2405365_3999834062_R03C01",0.508510572115094
"504",17,25000,81122605,-0.0469,"GSM2405365_3999834062_R03C01",0.508510572115094
"505",18,80000,77983624,-0.076,"GSM2405365_3999834062_R03C01",0.508510572115094
"506",19,180000,59084492,-0.0264,"GSM2405365_3999834062_R03C01",0.508510572115094
"507",2,130000,187675000,-0.0404,"GSM2405365_3999834062_R03C01",0.508510572115094
"508",2,188075000,190150000,-0.3755,"GSM2405365_3999834062_R03C01",0.508510572115094
"509",2,190325000,243026238,-0.0271,"GSM2405365_3999834062_R03C01",0.508510572115094
"510",20,155000,62907760,-0.0269,"GSM2405365_3999834062_R03C01",0.508510572115094
"511",21,10848948,48084948,-0.0147,"GSM2405365_3999834062_R03C01",0.508510572115094
"512",22,16373925,51222283,0.0227,"GSM2405365_3999834062_R03C01",0.508510572115094
"513",3,155000,197831215,-0.0391,"GSM2405365_3999834062_R03C01",0.508510572115094
"514",4,55000,190972138,-0.0736,"GSM2405365_3999834062_R03C01",0.508510572115094
"515",5,55000,11625000,0.0391,"GSM2405365_3999834062_R03C01",0.508510572115094
"516",5,11925000,14050000,-0.1911,"GSM2405365_3999834062_R03C01",0.508510572115094
"517",5,14125000,180777630,-0.0361,"GSM2405365_3999834062_R03C01",0.508510572115094
"518",6,155000,32425000,-0.0353,"GSM2405365_3999834062_R03C01",0.508510572115094
"519",6,32475000,32725000,-0.6402,"GSM2405365_3999834062_R03C01",0.508510572115094
"520",6,32775000,170952534,-0.048,"GSM2405365_3999834062_R03C01",0.508510572115094
"521",7,55000,159039332,-0.009,"GSM2405365_3999834062_R03C01",0.508510572115094
"522",8,105000,146277011,-0.0296,"GSM2405365_3999834062_R03C01",0.508510572115094
"523",9,130000,141076716,-0.0015,"GSM2405365_3999834062_R03C01",0.508510572115094
"524",1,635684,775000,0.2828,"GSM2405599_9993943074_R06C01",0.897993536492658
"525",1,825000,148927230,-0.1492,"GSM2405599_9993943074_R06C01",0.897993536492658
"526",1,149077230,149379823,-1.32,"GSM2405599_9993943074_R06C01",0.897993536492658
"527",1,149579823,249195311,-0.0849,"GSM2405599_9993943074_R06C01",0.897993536492658
"528",10,105000,135462374,-0.0676,"GSM2405599_9993943074_R06C01",0.897993536492658
"529",11,130000,134873258,-0.0638,"GSM2405599_9993943074_R06C01",0.897993536492658
"530",12,172870,133770948,-0.0789,"GSM2405599_9993943074_R06C01",0.897993536492658
"531",13,19110000,115079939,-0.009,"GSM2405599_9993943074_R06C01",0.897993536492658
"532",14,19325000,107119770,-0.1321,"GSM2405599_9993943074_R06C01",0.897993536492658
"533",15,20225000,102410696,-0.1369,"GSM2405599_9993943074_R06C01",0.897993536492658
"534",16,105000,31825000,-0.1007,"GSM2405599_9993943074_R06C01",0.897993536492658
"535",16,32075000,33986575,0.3319,"GSM2405599_9993943074_R06C01",0.897993536492658
"536",16,34286575,90222377,-0.0489,"GSM2405599_9993943074_R06C01",0.897993536492658
"537",17,25000,81122605,-0.1612,"GSM2405599_9993943074_R06C01",0.897993536492658
"538",18,80000,77983624,-0.1109,"GSM2405599_9993943074_R06C01",0.897993536492658
"539",19,180000,59084492,-0.1834,"GSM2405599_9993943074_R06C01",0.897993536492658
"540",2,130000,243026238,-0.0696,"GSM2405599_9993943074_R06C01",0.897993536492658
"541",20,155000,62907760,-0.1351,"GSM2405599_9993943074_R06C01",0.897993536492658
"542",21,10848948,15225000,0.3769,"GSM2405599_9993943074_R06C01",0.897993536492658
"543",21,15375000,48084948,-0.1131,"GSM2405599_9993943074_R06C01",0.897993536492658
"544",22,16373925,51222283,-0.2052,"GSM2405599_9993943074_R06C01",0.897993536492658
"545",3,155000,197831215,-0.0292,"GSM2405599_9993943074_R06C01",0.897993536492658
"546",4,55000,190972138,-0.0788,"GSM2405599_9993943074_R06C01",0.897993536492658
"547",5,55000,180777630,-0.0755,"GSM2405599_9993943074_R06C01",0.897993536492658
"548",6,155000,170952534,-0.0617,"GSM2405599_9993943074_R06C01",0.897993536492658
"549",7,55000,159039332,-0.0431,"GSM2405599_9993943074_R06C01",0.897993536492658
"550",8,105000,6925000,0.0069,"GSM2405599_9993943074_R06C01",0.897993536492658
"551",8,7050000,8100000,0.5768,"GSM2405599_9993943074_R06C01",0.897993536492658
"552",8,8175000,11825000,-0.1327,"GSM2405599_9993943074_R06C01",0.897993536492658
"553",8,11900000,12575000,0.4292,"GSM2405599_9993943074_R06C01",0.897993536492658
"554",8,12625000,146277011,-0.0946,"GSM2405599_9993943074_R06C01",0.897993536492658
"555",9,130000,141076716,-0.1054,"GSM2405599_9993943074_R06C01",0.897993536492658
"556",1,635684,249195311,0.0206,"GSM2940955_3998523030_R06C01",0.488629270988395
"557",10,105000,135462374,0.0202,"GSM2940955_3998523030_R06C01",0.488629270988395
"558",11,130000,134873258,0.0281,"GSM2940955_3998523030_R06C01",0.488629270988395
"559",12,172870,133770948,-0.0016,"GSM2940955_3998523030_R06C01",0.488629270988395
"560",13,19110000,115079939,-0.3106,"GSM2940955_3998523030_R06C01",0.488629270988395
"561",14,19325000,107119770,-0.0019,"GSM2940955_3998523030_R06C01",0.488629270988395
"562",15,20225000,102410696,0.0126,"GSM2940955_3998523030_R06C01",0.488629270988395
"563",16,105000,49500000,0.0889,"GSM2940955_3998523030_R06C01",0.488629270988395
"564",16,49600000,90222377,-0.3089,"GSM2940955_3998523030_R06C01",0.488629270988395
"565",17,25000,81122605,-0.0512,"GSM2940955_3998523030_R06C01",0.488629270988395
"566",18,80000,77983624,-0.1182,"GSM2940955_3998523030_R06C01",0.488629270988395
"567",19,180000,59084492,-0.0339,"GSM2940955_3998523030_R06C01",0.488629270988395
"568",2,130000,243026238,-0.0107,"GSM2940955_3998523030_R06C01",0.488629270988395
"569",20,155000,62907760,0.0033,"GSM2940955_3998523030_R06C01",0.488629270988395
"570",21,10848948,48084948,-0.0077,"GSM2940955_3998523030_R06C01",0.488629270988395
"571",22,16373925,51222283,0.0115,"GSM2940955_3998523030_R06C01",0.488629270988395
"572",3,155000,197831215,0.001,"GSM2940955_3998523030_R06C01",0.488629270988395
"573",4,55000,190972138,-0.0695,"GSM2940955_3998523030_R06C01",0.488629270988395
"574",5,55000,180777630,-2e-04,"GSM2940955_3998523030_R06C01",0.488629270988395
"575",6,155000,170952534,-0.0066,"GSM2940955_3998523030_R06C01",0.488629270988395
"576",7,55000,159039332,0.0335,"GSM2940955_3998523030_R06C01",0.488629270988395
"577",8,105000,146277011,-0.0106,"GSM2940955_3998523030_R06C01",0.488629270988395
"578",9,130000,141076716,0.0219,"GSM2940955_3998523030_R06C01",0.488629270988395
